,score
337765,0.499001996007984
205597,1.6840239308663858
2346,1.2258842443729905
274960,0.5765498344559882
153065,1.0144045445323595
161882,1.2295081967213115
5716,2.2307308140502746
40270,2.844856103208733
372,0.7861635220125787
66589,0.7498897220996913
123123,2.094886013555145
1115,5.4511453950444135
284108,1.4544025157232705
149951,1.596958174904943
174785,1.1144130757800892
42,1.5055214288250542
240271,0.8376963350785341
96007,2.1505376344086025
259081,3.8926174496644297
193738,0.03344296273540103
340325,1.6466117796073463
31105,1.7456359102244388
281259,0.7339355368507493
21348,1.0869565217391304
242639,1.3758389261744968
171273,1.3060360042357924
266507,1.1736810906935389
22545,1.282678938607657
494,2.6981450252951094
244513,0.7038123167155426
4396,1.5702695629416383
199383,1.2048192771084338
66505,1.52384721947358
22877,2.8368794326241136
3076,0.0393449336694148
195539,1.2576064908722109
122842,2.5851938895417157
62219,1.8288541767730668
299684,0.9090909090909091
1345,2.4653061224489794
72321,1.0228166797797011
46396,2.2328548644338118
144041,2.459396751740139
148729,1.0161386730424387
230933,2.159282108805384
75165,1.4676113360323886
365104,0.5263157894736842
310873,0.6830601092896175
193558,1.2678288431061806
179460,1.64802825191289
216092,1.9166106254203095
295895,1.1276827937431793
284818,1.2323305545487495
295293,1.910828025477707
185589,1.2105855855855856
165872,1.4965986394557822
206051,1.5163197121562582
233961,0.9936766034327009
72225,2.8974358974358974
254386,1.1566265060240963
286096,3.1149188217251043
37380,1.3881961762261015
38545,1.629570747217806
231696,1.5473887814313347
160851,1.0202255235367819
146439,1.1474103585657371
41863,2.890596414196853
244271,0.7451923076923077
285905,1.7123287671232876
318983,0.7170172084130019
4098,2.10477515067223
77423,1.658528371779761
193728,2.3391812865497075
209010,1.0068299576071595
127398,2.505004598820538
281549,2.2058823529411766
27746,0.00992663226095925
254708,1.0803511141120865
191597,1.263616557734205
350205,1.789473684210526
157809,1.6281982465557343
199792,0.7863176556470955
154825,1.7988552739165986
83330,2.6428465967813377
1897,2.871174914998111
34635,0.8185883725452071
129051,1.7326732673267329
218804,1.444043321299639
311715,0.6936416184971098
85325,2.9005150447275687
295607,0.9592326139088728
142992,1.7174515235457064
297486,1.3737836290784202
192074,0.6475006475006475
183006,0.5059523809523809
214396,1.0812975570684822
142852,1.3569937369519833
33160,0.9592073363550122
298638,1.1380504700643246
1353,2.953512757777001
45,1.9673247106875427
198487,0.8823529411764706
254591,1.1086474501108647
35677,0.020423786144661726
271055,1.671891327063741
244521,95.7817596126776
301880,0.7721202003338898
9823,2.4752475247524752
224517,1.4585075507895124
38765,2.1701884637350086
274364,0.6571640133283969
214484,1.4625228519195612
47185,1.8196994991652753
294484,0.7467532467532467
255692,0.8732394366197183
811,2.5946381314002993
17223,5.006930006930007
258444,0.8859784283513097
254,4.0458015267175576
198454,1.819870009285051
188547,1.155802126675913
229220,0.8371953954253251
319910,0.974817221770918
310192,0.9264305177111717
15512,1.375029840057293
248490,1.0086100861008611
1499,3.3287101248266295
350736,0.2869440459110474
191977,1.8667861409796895
27833,1.2938271604938272
266164,0.6255212677231026
98351,1.5988713849047729
290359,0.9115770282588878
75358,1.7264276228419653
281655,2.5938566552901023
70149,1.2607768610364327
349067,0.5061867266591676
246784,1.0812854442344044
332321,0.9713701431492843
323612,1.305855947765762
8051,1.4346764346764347
251661,1.8825301204819278
206084,0.8888888888888888
330174,0.43923865300146414
135382,3.858784893267652
351526,1.5005359056806002
291572,3.3748361730013103
12002,1.2818962389648083
180040,0.9974259974259974
33604,1.8855656697009102
113636,0.5830903790087464
102548,3.1099759615384617
122522,3.046863302889654
29603,1.1031439602868174
34219,0.015254238956177033
172385,0.002095561600530077
331106,3.483959986202138
318546,0.7322175732217573
118048,0.5259578326909997
244536,2.17433508056688
182631,0.5486093391171217
326945,0.4897159647404506
2808,1.1772400261608895
100901,1.1564109057145269
246192,0.6423432682425488
171131,1.5113597330585407
283317,2.535211267605634
183880,1.4523809523809523
40765,1.4718766427194674
63628,1.0814119567435216
137408,0.8697079094191007
13884,3.216947822675559
291845,0.6179571065067249
9446,2.9442508710801394
102435,0.4826254826254826
85005,2.113758647194466
253608,1.119157340355497
58936,2.0639147802929427
5206,2.436513383665065
189932,0.5070014485755674
209778,1.9063447062273926
245422,0.8998875140607425
227515,0.4595940252776714
111417,1.0514018691588785
92319,1.528140141632501
194517,1.8995929443690638
256382,2.5063468913736293
306882,0.6149116064565718
31497,1.7935901205527787
325494,1.8471872376154492
146312,0.7345225603357817
229265,1.0161662817551964
41002,1.7758046614872365
105037,1.3153773880363295
190082,0.8497079129049389
224597,1.8947368421052633
37628,1.8152573529411766
36522,1.8274111675126905
316554,96.40529774004601
192945,0.6082725060827251
356123,1.2810248198558847
245931,1.643835616438356
169654,1.746668391771251
37907,0.5589714924538848
300531,0.8881166135727387
14996,96.52065897941003
128671,2.1853453313077016
38863,1.0115606936416186
178336,0.7995873097755997
3072,0.001799051899648885
315610,2.402260951483749
195544,1.36986301369863
310448,0.710594315245478
270970,0.6003430531732418
196526,0.847723704866562
311193,0.5834683954619124
26566,1.1828233479043457
16267,1.7215791035915702
329839,0.46449900464499
9217,1.380533215122538
134352,3.712918660287081
72287,1.2491244454821389
5404,1.0063443447823233
551,1.3045944412932502
230080,1.006550567183256
303672,1.6347501167678655
136888,1.2635064482398048
290236,0.9321036106750393
257499,2.1896109946424414
105,1.4354727398205658
272533,1.9070904645476772
67239,16.664908555734367
186751,1.407068062827225
97903,1.7980820458177944
244228,0.0034882394008600008
159503,0.0028470575660055333
254713,1.3585638039786512
347013,1.1352885525070955
127997,0.660883932259397
137297,1.8373346398824104
245654,0.8115419296663661
344554,1.680672268907563
3228,1.1060259344012204
113873,1.735106998264893
318472,0.7884362680683311
193214,1.6343933203055605
175549,1.9494904740806378
204472,1.5484922575387123
126792,1.1450381679389312
163839,3.662902781602864
91312,1.4014598540145984
306881,0.5705591479650057
245476,1.6603415559772294
298383,1.47705845380264
202426,2.398027790228597
155873,0.9231479344564966
17405,1.3451327433628317
188920,2.0115175602238624
359438,0.9982384028185555
2398,2.029104324656692
1032,2.503681885125184
221965,1.1885840646810863
221194,1.300624557336939
113401,1.1894995898277276
181810,1.4035695719979207
248125,3.1024531024531026
303551,0.6830601092896175
156091,1.3783597518952446
87890,0.006669487096533359
2122,3.3098882912701697
138649,1.771793054571226
244711,0.9320091673032849
142379,1.6064257028112447
300753,0.8244589488148402
247236,1.6378525932666061
98,4.130573538798213
165950,0.862493839329719
117915,2.49667994687915
21920,2.4745269286754
58421,0.8654023200147302
25669,0.024880288295404056
284777,0.2573340195573855
242574,0.8218414821005712
291457,1.4943470424381453
317457,1.6363636363636365
304051,1.2257906349595489
167791,0.019036301650389668
172081,0.008344426122027298
168584,1.2737710800143525
182134,1.0205399819144814
268012,3.245192307692308
160010,1.9520851818988465
224783,1.1961722488038278
234,1.7727639000805804
166226,0.8557980316645273
302388,1.0501750291715286
302524,1.6520210896309315
278,2.7731877290035203
365717,0.4351880634131178
364011,0.4508196721311476
286751,1.3634852011972065
225167,4.5587375803623615
19777,1.7605633802816902
17133,1.188634698363592
332772,0.5095199785465273
22,4.914933837429111
256226,0.8707248195795418
197070,3.435033070194154
266966,0.8289374529012812
272739,1.2310217480508823
18833,1.2791813239526704
354934,0.5612722170252572
293296,0.5824259306153456
168998,1.7793594306049825
272453,2.4580090126997134
171668,1.4603130240357742
223855,0.8290564547966837
127518,1.3294797687861273
193037,1.4140153878145145
41916,1.0186757215619695
154246,1.2318840579710146
158435,0.7893905904641616
148228,48.69336486894229
2093,2.50272034820457
235488,0.751049259995582
260180,0.4799360085321957
253499,1.5765153574340853
205059,1.605771468466372
346703,2.8475309383635707
204027,0.009738723948913437
140620,98.52052586887953
244995,1.1708586296617518
192457,1.942467378410439
155362,1.7696160267111853
41010,1.7245567160553803
241266,0.0010986782900171094
85256,0.005280172950570607
307002,0.003286233965916775
261594,1.6293279022403258
334590,3.333066687998293e-05
123260,97.61447420048138
257614,0.0048807308745074445
366161,0.5918827508455468
521,1.7944730230888863
71721,98.71906226435206
259374,0.957592339261286
350458,0.9954058192955589
129622,1.3102558263113946
265188,0.4405286343612335
1540,2.291142777312098
318184,1.6042780748663104
2651,0.05875042368094001
335609,1.1841567986933441
146021,1.8691853868845019
184267,1.5954664341761116
132372,1.5030303030303032
232988,1.7070063694267514
25613,2.808812780620236
150145,1.003851990194934
133848,1.9156728331298711
192291,0.5125529433429501
168681,1.8013856812933025
179303,2.4757129426512066
244918,1.7190775681341717
332386,1.245608431810923
345584,1.1450381679389312
262712,1.142263759086189
183562,1.5190691661279896
241831,2.138110372724646
194626,3.905660377358491
236457,0.6155093616393926
162886,1.2881751572395013
247367,0.5737134909596663
173346,0.041394078990941136
166857,0.5063291139240507
256952,0.6634232640424591
165986,0.9317927692881103
299960,1.2967765839199703
216428,0.9047365620010643
27162,1.2005541018931813
154086,0.49586776859504134
21441,1.110830598333754
338760,1.868629671574179
2955,0.8492201039861351
293014,0.5150785079338706
7805,1.578754130461388
986,1.9017041244751791
71074,1.860231271995978
25643,0.8847497089639115
204,1.8803418803418803
176371,0.702576112412178
146418,2.4451097804391217
183251,0.43103448275862066
233867,97.21575267897413
293678,0.6130268199233717
176544,0.2834008097165992
218121,1.3529313512610657
20542,2.849264705882353
40793,1.8006090295246924
257527,1.3000702740688685
9674,0.9278411441404172
297978,2.1697099892588616
258210,0.5506391347099311
73,1.7308766052484645
94362,1.7869260348337481
150,1.2732342007434945
12495,1.8279231011660888
327711,1.0902747492368077
171669,1.1473058799426348
329873,0.08223684210526315
287954,0.5662355819643482
283355,1.7268652781439495
40628,0.9582477754962354
199561,0.5661952721390179
232,1.7391304347826086
172287,49.670382612453096
528,1.3846514902605023
329082,0.8347869424370794
182340,1.3057671381936888
315767,0.3134796238244514
146278,2.697661070454872
2653,97.56750270244957
143404,1.1846001974333662
295770,6.022463206816421
54625,3.888574660633484
148319,2.856505244365097
310100,1.4634146341463417
270673,0.49604504625284895
54138,1.8510158013544018
188,2.8321011209158122
143986,2.9895132258569417
282524,0.4010059131380412
163068,1.1707024214528718
318553,0.7853403141361256
274638,0.9192200557103064
233078,1.9291120546427911
252446,0.7936507936507936
363247,0.4363001745200698
10,1.725899852390144
260605,0.5325609642156405
276830,1.7233560090702946
217398,1.6097875080489377
46,1.244090569793481
203420,1.7561328867565853
297030,1.1876043792911486
194607,1.2050296891372687
37046,1.9623719933317456
351040,1.2312427856868027
105551,2.6497411880700024
195137,1.1896431070678797
65781,1.2542061792597126
221107,0.042152772704746974
299121,1.1173184357541899
302723,1.4794520547945205
182189,1.408901697086135
21790,1.0650167359772797
198773,1.0372771474878444
340,2.150830383882385
8125,1.1634560366202558
38823,1.8880647336480108
126042,0.017171982867721137
168917,1.2065095398428731
150312,2.0273184759166067
42215,0.9161203563624138
156566,1.5568666011143888
15511,1.7454776261504286
370591,1.7743403093721566
291508,1.121844811467747
298102,0.6485849056603774
104162,1.5472802340962841
50,1.1447901964737774
35503,2.7874564459930316
151007,2.1541950113378685
169255,1.8430316835783804
271319,0.7996237064910631
37358,2.2797927461139897
267813,1.9469759734879868
90040,0.9988014382740711
314491,0.6475158935719331
208895,1.7842660178426604
205359,2.0821714073247817
218421,1.5730337078651686
298047,1.2493090105030402
206480,1.4231896190874842
251678,0.8770603357024044
169794,0.9273570324574961
165948,0.8115942028985508
268620,1.4150943396226416
181796,1.0161836657884833
325698,0.9254498714652957
224710,1.8633540372670807
253759,1.778975741239892
24181,1.725327812284334
159508,1.5365619426533133
162082,0.9336217693271093
230244,2.133681689527542
300010,0.9983361064891847
253684,1.0995723885155773
342857,0.6379585326953748
318084,0.6429116268933203
214887,2.2691949020826856
200057,0.7885657959586003
281194,1.3225255972696246
310632,0.9361233480176211
143741,1.7943088744405977
350184,1.6179722965894543
235014,2.143845089903181
244114,0.7758268681094325
156009,0.8961424332344213
7480,1.6463414634146343
284189,1.0657193605683837
2511,1.5103838892385149
77130,1.9022086046214735
15126,2.4
23540,0.9308510638297872
269725,1.2603648424543947
242653,2.3214285714285716
138161,0.02768166089965398
56931,1.7338331771321465
286537,1.2700534759358288
3,0.7223813675426578
270633,0.5704971475142625
38992,1.0864644635581713
204583,0.4611169276692433
193308,2.5279054497701905
198994,0.7208579968352575
128667,2.3396424815983177
206940,0.9223300970873786
73664,1.66865315852205
272380,0.6325474410580794
124742,2.00432637058068
216459,1.0103968370185972
228372,1.183431952662722
161614,0.9176984705025492
121410,1.4434373950990267
215841,3.016505406943654
8203,1.0670947636810046
67877,3.0403905903240123
246663,1.0045203415369162
219101,0.76103500761035
37904,1.8156279263344084
355093,0.9657594381035997
221,1.6637647514025924
57925,1.3115802943058221
312251,2.3255813953488373
30658,1.9184652278177456
120677,1.3647989339523288
285774,1.1983279145378543
218333,0.7922360863537333
130176,0.6814310051107325
34194,0.5964214711729622
153016,0.9862627685804861
284083,0.9763157894736841
54043,0.46511627906976744
235555,2.06961429915334
234671,0.7628042135851798
483,5.793566092392133
146652,1.1569610489780178
6205,2.773497688751926
245934,0.7852321256371401
55600,1.4463840399002494
12493,2.8127929992707577
1198,0.051457229146957884
274841,1.3574660633484164
145639,1.0550458715596331
332290,2.2792022792022792
27225,3.5411020776874436
85897,2.3914643119941132
229853,1.0104216261969
20100,1.4034618726191272
24800,1.7973856209150325
123540,2.092050209205021
283294,0.560081466395112
904,1.282514450867052
156714,3.64963503649635
229491,2.1627774615822424
1107,0.005289320861181275
586,2.4745912505523644
259298,0.5511811023622047
319966,0.5251566999830595
18,2.9892219602559784
701,1.7919362867098059
177802,1.1213047910295617
71836,2.6140757927300853
336794,1.1860832894043227
177524,1.5388894039121164
54998,1.0933919022154317
309110,0.5123428039124359
2507,1.4011799410029497
223215,1.5926640926640927
175293,1.0608856088560885
243759,0.9294696555494806
1915,2.864321608040201
38718,0.8637236084452975
280480,0.8450704225352111
55427,1.0008831321754488
191862,0.7910870855033291
174078,1.6320474777448073
128621,1.793858315597446
128721,0.8121827411167513
53093,1.7461066540821142
5072,1.9241341396371632
169427,2.4882024882024885
150658,0.9929348863853351
65901,1.841312353531972
143405,1.1869436201780417
283864,0.4629629629629629
1231,2.0117762512266926
15363,1.1881860359850627
177678,0.9102730819245773
270844,1.2198663955852456
12902,1.0640706361784016
79828,2.4071962498416317
257501,2.8274874731567645
165838,1.0632344711807498
131111,2.262443438914027
69779,2.379940501487463
63759,0.8345606283750614
227224,0.29871552325002493
1634,2.178217821782178
9220,0.06822884735159981
335764,0.4369538077403246
96913,0.7616974972796519
2065,2.154696132596685
21551,1.6055045871559634
256606,0.3354297693920335
233208,0.8620689655172413
336382,0.6711409395973155
10093,4.056963073356516
8098,0.05248814568574132
3097,1.4563106796116505
442,1.989839119390347
180199,1.4545454545454546
171499,0.005840982710691177
212402,2.0706455542021924
230253,0.42345966546686425
58281,2.1328458257160268
346965,1.2678288431061806
230267,2.0
309430,1.6797900262467191
176734,0.6364093116730866
254018,0.9307520476545048
6830,3.3608116677235254
119506,0.8432087511394712
204516,1.4246741436799029
217083,0.7200720072007201
131646,2.472670484122853
256916,0.7360254625024866
102652,3.220147851146473
159504,2.465483234714004
70,1.3496932515337423
43443,2.042746358993758
306040,1.0327022375215147
300322,0.60546875
8190,1.3255360623781676
209418,0.8772916432347319
203427,1.173512154233026
492,1.6791044776119404
325022,1.3649851632047478
367220,1.561504142766093
11170,1.5354618571776748
316546,0.6461421512732801
40834,1.1112114915529858
197443,0.8396797500488187
115,4.043829898252023
127024,2.1279784205005243
43570,1.2935855663084181
43015,1.2190193965517242
30957,0.7348173762697212
301716,0.3858875413450937
2397,3.322063795384389
312318,0.3878975950349108
264982,0.9823182711198428
238546,2.31023102310231
104955,1.7203107658157604
113294,2.408920159799654
40354,0.004287266817551871
116954,0.9320505111244739
268201,1.9597457627118644
223040,0.833579226910593
368058,0.7728894173602854
75449,1.1938422871504868
875,2.5022341376228776
200853,0.5307855626326964
198740,1.8161434977578474
277700,1.4886731391585761
264055,0.7325122756178056
301767,1.5881561238223418
22825,2.080624187256177
6472,3.0208036477628952
155624,1.4057810772389827
34707,1.2548680225010818
26,4.316219900045434
144733,1.049808866320534
353288,0.3933566433566434
240855,1.103448275862069
255675,2.942873629544143
256320,0.5063291139240507
302260,1.763279700242451
108745,1.4417152715025057
156776,1.8553459119496856
111341,1.435512367491166
1041,1.0738255033557047
822,37.301768876516846
361,2.0
266083,4.425013248542661
19857,0.01913547124550218
241590,0.6765899864682002
16986,1.8711018711018712
216091,1.8708083303918106
339484,0.5138086062941554
144592,0.8337965536409117
292375,1.9810508182601205
163412,0.4901094309909852
125618,1.4631361073442295
28181,2.3923444976076556
169611,1.6402405686167305
98918,4.184615384615385
163805,0.9307135470527405
230085,2.0938023450586267
143515,0.6531816266329541
325635,0.4092769440654843
184921,0.9178210249001445
300877,0.9395779126915295
244331,0.6831767719897524
70919,0.8324032738095238
104363,2.8462572837292694
175914,2.224897916448539
2081,1.4365522745411012
31627,0.9079592882770741
179172,2.6117843710823236
193949,1.599052413384661
9209,32.51237304892784
296912,1.3474934338243691
299047,0.48763497039359105
13642,1.3513513513513513
1035,2.208480565371025
296237,0.6097560975609756
228504,0.8617718028266115
270109,0.8803728638011392
6411,1.4186162269785962
215312,1.2127894156560088
337787,0.5649717514124294
299252,2.8348842241938974
156129,0.9975294830559829
1301,2.086743044189853
341530,1.0953902327704246
354570,1.2168141592920354
223376,2.665350444225074
282954,1.202886928628709
91873,1.1477230655312847
202408,1.4472882388787325
238393,1.5007898894154819
12942,1.051080169103673
205418,1.272984441301273
360265,0.6552006552006553
29934,1.7994858611825193
328326,0.4985044865403789
62227,2.2131147540983607
22484,0.9940357852882704
309105,0.002895075476614279
66510,0.004292925259172883
325555,1.8047579983593112
2163,2.221060883198328
37111,33.08243729968598
120,2.8131533928910857
170042,0.6288201926036674
144797,1.8495984424434169
191051,1.1899416255051638
308765,0.5647542035682198
163370,0.8843967150979154
121408,1.3232286779742573
194594,0.9230620529673303
150999,1.1747430249632893
104020,2.4754277393520203
215311,0.8897070102776499
187700,1.032258064516129
362986,0.8244023083264632
903,1.5562472209871054
38159,4.5533283840633505
316412,0.7658321060382915
42487,2.0017793594306053
92415,1.6379031138666542
269511,16.666713888928243
262543,30.0
284584,12.500120312454882
201921,19.998352308777335
165722,19.993866108831785
305985,0.0005499102271554169
317311,0.0003999745349546079
158889,49.95726198974788
34119,24.963896948527918
136955,0.0003998704419767995
137988,0.003363677478614005
324090,0.0022493735494664734
94,0.0029940792083654575
168609,0.0014657398305138384
116998,99.53796417580055
42910,1.420159334949775
12891,49.934688888422855
13780,1.7364657814096014
300683,0.7377598926894702
155068,1.7801556420233462
350933,0.30039050765995795
42052,2.1748135874067938
205716,3.974358974358974
274124,1.35048231511254
276498,0.5795085767269356
1465,1.8258945038731096
175307,0.9950248756218906
180511,0.7884972170686457
124708,1.7336196511810613
98229,1.224381155177003
334065,0.5528076811172534
4636,2.0878048780487806
15,4.5523138832997985
264198,1.8422991893883567
300583,1.1686143572621035
188834,2.548131370328426
121,2.405911668671593
27588,1.1676007472644783
271615,0.29175784099197666
22038,2.6597066865523242
119788,1.6353229762878168
42776,1.4137793707686181
79127,2.086483217417599
148203,0.01495610383524356
199966,0.7980569049271339
39463,2.758146225530052
149155,1.3558079882740932
39953,3.4327879371190244
312267,1.770244821092279
195571,2.8851107676455436
175117,1.3340693716073235
277659,0.9366526990386986
214880,2.0998415213946116
554,1.4905407987769923
157354,0.7822848716602934
369880,0.5632582322357019
91,2.592301649646504
232918,3.8414716623833356
66837,0.001099029556901256
144239,0.0012497322448665373
361545,0.004090359023780949
527,0.004485695118267844
27976,1.3836477987421385
233020,99.43220908545
54,0.6872852233676976
202077,3.082549634273772
140,4.637400473423714
139898,1.0032362459546926
101721,2.195557824865969
12477,2.8220858895705523
216632,2.862254025044723
233312,1.266559906827777
103,4.548862784303924
103092,1.0258915486077185
254640,0.6356105962437464
221769,1.9952114924181963
321277,1.4915254237288136
30645,2.1307506053268765
194655,1.121842296413871
37387,1.5408320493066257
340041,0.3062787136294028
27364,1.469108472529684
71671,1.8163471241170535
99975,1.3289036544850499
220133,0.5891016200294551
19999,1.7907902217168845
106217,1.3579697239536954
250881,1.8638573743922204
104006,0.7410655557991669
28259,4.356475034812015
172381,1.6725978647686834
4099,1.429046194749086
313889,0.8273009307135472
328866,2.7998328458002506
25292,1.9971367215461704
39856,0.09051672116826914
60,1.73053152039555
192860,0.8920606601248885
760,0.915078393658565
43022,3.684922244759973
183284,1.4790996784565917
1568,1.394422310756972
272682,0.4703115814226925
303553,0.25201612903225806
438,0.03544011703114202
182874,0.8543891638447512
19622,1.6528925619834711
243,4.574132492113565
179803,1.2147505422993492
63888,2.8823595129035864
38996,1.486697965571205
833,1.797483523067705
285533,0.13089005235602094
222542,1.433994095318431
163602,2.8407169428474806
150376,0.0721635242849097
180974,0.9421702404158544
196496,1.1278195488721803
150997,1.9485903814262024
134453,1.322401481089659
212445,1.5100037750094375
170561,0.8855955178022772
216734,1.6815742397137745
18258,1.653282947567312
267609,1.8018018018018018
3201,1.5771957748516856
172931,0.7188894397620228
318977,0.8683795033730444
21133,1.8604651162790697
196326,1.2756909992912826
220308,1.069160058389553
112,1.8457217373858963
24827,1.7391304347826086
248005,1.4153846153846155
82420,1.4184397163120568
342070,0.8563273073263558
332944,1.092896174863388
301255,0.9777478084962913
83195,2.113071821962459
59946,2.151359615594627
284778,0.4514672686230248
201808,0.010905773624632114
172308,1.2291396022784051
7854,0.9866911427260211
9440,1.6011069381300653
244522,0.4401989699344104
82222,2.058301117960506
207243,2.781136638452237
144344,0.6601411336216709
327,2.434557793816654
204184,1.0752688172043012
155987,0.9849075320626374
42452,1.4980026631158456
219513,0.5031305903398927
216132,0.005005391946968616
855,1.3941330235259948
336929,0.9579563597658328
152470,3.373280071016423
1608,1.4868309260832626
304285,0.9287925696594427
170604,1.842948717948718
233678,1.7263591857768614
143693,0.8228980322003578
284435,0.5981656254153928
147303,0.8823529411764706
1403,1.483365119728756
349463,1.6175621028307337
72125,1.7188000427031065
197376,3.6410470620996933
177639,0.8206686930091186
218479,2.0056157240272765
113997,2.305802305802306
198953,2.064516129032258
157001,0.914962325080732
128882,1.8831691754940223
147949,3.3748312584370783
155255,2.5898078529657473
475,1.4024152707440591
41114,2.0765136560133937
118174,1.9168173598553346
421,2.2367703218767048
339906,1.8540910923014913
287084,0.9501187648456058
350316,0.927406459865686
322656,2.3036649214659684
172818,0.9282376288329811
68264,2.0444978953698136
200680,1.4204894846882303
178900,0.036796511377559606
333255,1.0269576379974326
826,1.4879816863792446
216201,3.097489403325725
16496,1.907824222936763
247763,0.00816914660960731
218074,1.263157894736842
174570,1.261595547309833
370913,0.4327301337529505
196,3.3401499659168374
253664,4.586077140169332
256589,2.82064928153273
123239,0.9819967266775778
183231,1.2692307692307692
143519,1.6174686615446827
151347,2.1456571074891686
3685,1.6329514989032414
15985,2.9967995344777423
177736,0.9575195683562582
119890,1.1229314420803782
179275,1.7975663716814159
137269,0.9131688561358539
129437,49.47620840074769
269144,0.5763688760806917
256960,1.3621262458471761
238992,2.001710863986313
255984,1.3107822410147991
241451,1.3853367433930093
158899,1.2313674659753726
67492,2.1070234113712374
293835,1.391941391941392
181521,1.1666666666666667
121921,1.460237169239579
2987,2.834989096195784
1887,2.2941176470588234
33154,2.4083985179086045
232405,1.4467592592592593
66188,0.6958404205968765
36235,0.9192065795839381
5782,0.009293994389807023
283155,0.7411457384120042
222509,1.471836965751486
279537,0.7784018129865011
187273,2.634467618002195
66588,0.9218825812712276
125548,3.0642309958750737
228855,1.4415543716703227
169786,0.08099684375408156
318560,0.26425066062665153
271324,0.6983324303172597
213893,1.4506172839506173
120217,3.2664941785252264
30869,1.023331968890708
245638,0.7430719468485008
28023,0.024923561204023878
284936,1.012555690562981
227935,1.3112639724849526
244115,0.6134969325153374
88,1.1289985364833788
196340,0.5673758865248227
30380,1.2682691146273704
232832,0.6477591036414566
139976,2.1585218442410636
173442,1.3122171945701357
174837,1.1965811965811968
203993,0.7813685328478228
66362,0.9029590948651001
161417,0.02926036304524519
174430,0.1573356668076796
134157,2.4593763724198507
249590,0.6418485237483954
256680,1.556420233463035
305096,1.0764262648008611
155969,2.8754614338449582
104347,1.034330985915493
275467,1.7264573991031391
340466,2.1625312997951287
258036,1.2398743593982475
316624,3.2034632034632033
92828,1.2648882764051579
1261,1.5132408575031526
205317,1.9335647000495786
276025,0.7765023632680621
326494,1.0680500457735733
271869,0.7464607464607464
285265,1.1666666666666667
97207,1.4557440087893978
175095,0.9375
342942,0.039069413001410945
338460,0.00034993036385759236
143884,98.46672917481857
929,4.264011234520618
878,1.8454724409448817
50750,1.1228847066266014
332686,2.248737953189537
342848,1.1934156378600824
24703,1.7089590885551527
107529,2.288840262582057
202583,1.3096037609133646
245354,1.9863013698630139
21882,1.0277613703484938
124172,3.6073695618516797
157969,96.69093021435108
158900,0.012042245391104264
200511,2.5238744884038202
19237,3.012940827817841
214029,1.392757660167131
230383,1.312811226799457
463,0.12605200661821442
173090,0.026785661139561233
91872,1.273074474856779
118695,1.660612350804359
204305,1.7429577464788732
248861,0.8441193021947102
206915,2.0574367766823833
288169,1.198574667962423
122515,0.9143621766280107
220367,0.7213706041478809
141572,0.9856378484933821
322622,0.11778563015312131
91514,0.8905136857892763
191189,0.9079871192524944
299659,0.733652312599681
272427,1.532033426183844
205398,1.175542406311637
172386,0.9917736603367416
218293,2.2357723577235773
220,1.0279930412778744
302425,1.173881144534116
231733,0.9151707145371348
29223,1.5499194847020934
308119,1.566265060240964
3307,1.7995570321151715
348450,0.0006983261123087958
338834,0.7092198581560284
45315,1.6677543325357116
125153,0.01450536698578474
236191,0.8518405841192577
331820,1.1928429423459244
191300,1.022443890274314
160018,1.3358185771978874
110327,97.39834967652841
239188,1.4506996115868782
298069,0.7223113964686998
70512,1.3589128697042365
145371,0.8535784635587657
265402,0.7327796775769418
124361,0.519595811901094
191231,0.9375
22192,1.567209162145871
195043,1.3120899718837862
304783,0.6788759077991791
160499,1.4448903982710715
179572,1.4100830596870775
175223,0.9283135636926251
244992,4.2109623084357315
318009,0.6602839220864972
245643,0.9892086330935251
89409,1.7763845350052248
170771,1.7741598831141725
126163,33.01181875488873
246900,0.954778231056332
250458,0.9978868278938717
491,1.1976047904191618
285192,2.2724161533196443
237179,2.631578947368421
38713,1.2903225806451613
238799,0.6716417910447761
299169,1.661213189025925
1382,1.2450378924575967
13308,2.1143122676579926
15987,3.5295022299687293
217780,0.741399762752076
168,1.9679786524349565
23094,2.193593314763231
154386,1.0627530364372468
267378,2.050405809483127
73439,1.1941346913688649
256997,2.3109243697478994
161866,1.7961876832844577
10640,2.883506343713956
206718,0.9565686955180128
162286,0.662758093295947
233247,1.3368568319602052
295905,2.503681885125184
269752,0.002096366995995939
166384,98.01945278271978
316786,1.2587412587412588
195856,2.573828230831753
161936,48.79639965998089
172047,2.43161094224924
266192,0.9274256439789319
183394,0.01910471456964039
18100,1.159678858162355
730,1.9867549668874174
363307,0.4524886877828055
109276,1.5934475055845123
346501,0.6359895248784138
90419,0.9134287661895024
184824,0.49504950495049505
296151,0.7288463728504726
234477,0.8094825093957791
503,1.1205704722404133
241477,1.4255765199161425
245961,0.46334150994821477
131260,1.02032807471941
157026,1.0517090271691498
219100,3.798100949525238
178054,2.7262400605831125
233262,0.004688377512147387
242684,1.3261648745519712
108906,2.443876101165104
25821,4.835742444152431
2393,1.8313253012048194
176229,1.7164481686714421
146910,0.8670520231213872
295564,1.1221122112211221
36932,1.6573796256608087
168435,1.1349075599487461
204135,3.055190538764783
157403,1.2618873445501098
339789,0.2376237623762376
18098,2.7027027027027026
274450,0.7508532423208191
9216,1.1031343022237787
27173,1.0126280676673813
203416,0.004317791018115132
152162,24.977801556026623
350636,0.0007994771419491651
184424,1.7013232514177694
222514,0.008879869336214801
15364,1.0121777637197533
253618,1.242015613910575
176396,0.611764705882353
338628,1.2278801011195377
24480,0.8604585338239457
187645,1.0408169923977946
258779,0.35039906560249173
1662,1.0737294201861132
217372,0.39453852291869845
20551,1.320946436347801
129948,0.898972602739726
22141,1.2879484820607177
15817,1.415958687323005
24068,3.08223116733755
170624,0.5946717411988582
217861,1.4987510407993339
35497,1.2157382847038019
151771,1.0081915563957151
233398,0.5614823133071308
270239,1.689902830587241
29937,2.2536456031816177
103185,1.4379084967320261
14254,1.574803149606299
281474,1.471861471861472
242722,1.4155712841253791
267319,0.3927068723702665
299317,0.9345794392523363
245655,2.557302519416556
136063,0.8841027686376176
265736,1.0165537162537497
132028,1.1278195488721803
298371,0.6776789495976281
163642,1.3547237076648841
36218,1.219236592917354
205125,1.1633109619686801
163166,2.213766862677274
293141,0.6826644600744725
141517,2.9214139643587496
98527,3.009503695881732
6249,0.03437055373801804
238638,0.8812856402280975
332800,0.7741501178054527
287938,0.9560229445506693
53953,0.025837951495928293
200147,0.7335243553008597
187617,1.1533107973752237
164928,0.5086915510039078
118,1.1149629907242573
39683,1.053300644692636
359609,1.0630758327427356
252752,0.4199475065616798
8129,1.444184231069477
352697,1.1088011088011087
176165,1.0851262862488307
43528,1.1641910879164994
271601,1.2272727272727273
148949,0.5826776837739079
170216,1.2652578492848057
136991,0.8792589103469932
359152,0.7102272727272727
284121,0.7918552036199095
242302,0.9086699849519619
210274,2.18978102189781
41933,2.3501762632197414
95103,0.014760029839195457
185343,1.1619840443981964
227789,0.6779661016949152
481,2.0470262793914245
24310,4.585178977612834
305682,1.488456865127582
279254,1.6970618034447822
116,2.1946110635056653
91984,1.1692307692307693
261114,1.1989630589760207
3284,2.1237864077669903
251412,2.1784232365145226
47055,4.519044544867656
291453,0.5424577508867098
151004,1.2225548902195609
295947,0.37378096435488806
133038,2.82258064516129
234277,0.6088530524930064
135779,0.008157191061310244
6351,1.422475106685633
182028,1.518409474345827
55670,1.4598540145985401
262211,2.0641473483645605
129736,1.655281135049921
156689,1.363803907113896
21241,1.2490716359462561
252153,0.005181032240965824
22827,2.300080235357047
212516,1.4513788098693758
65532,1.3545670876807616
18602,1.597975666400915
226522,1.7693455553186954
123955,1.4404852160727823
284760,0.7205352547606794
3800,1.504102096627165
266830,1.3071895424836601
226501,3.977272727272727
26457,2.158273381294964
220520,0.9640397857689365
12333,49.143602635552455
219215,2.2731885528719302
206931,0.6072026800670016
146816,1.4582164890633762
273477,1.7463498425422275
253214,2.949061662198391
331401,1.6198704103671708
156336,1.4934289127837514
249277,1.557632398753894
126100,1.8566493955094994
43868,2.0319303338171264
14105,1.3807386952019332
284653,0.6441638752898737
163968,1.104281696010001
36648,1.2881679389312977
294702,0.5012531328320802
295785,1.858736059479554
223740,2.7332965212589726
302098,1.15995115995116
224821,1.3135735938026272
30381,1.4537581193937519
217085,99.5194388909179
343905,0.9915014164305949
205896,2.4687715156880103
256730,0.00816397238984362
246684,1.0336370007007707
254127,2.6143790849673203
204505,2.287968441814596
239472,1.7664376840039255
160610,0.981404958677686
232361,2.121871599564744
13122,1.9661636945587562
233571,1.7937219730941705
195560,1.7201166180758016
119591,1.4727908137793309
73761,1.4614789005032907
269595,0.6209503239740821
142961,1.9940915805022157
233371,0.7222877358490566
252526,0.6585612968591692
31730,1.481301602719767
244049,1.9306399713979263
366013,0.7984203296703296
15062,2.0118733509234827
176558,2.984367598294647
328479,0.9179926560587516
5737,1.4528386231560126
59294,1.7486734201640135
88827,0.5737704918032787
155821,1.3008565310492504
209685,0.9172047875622095
202670,1.5720319099014546
24508,1.154923005132991
155703,1.4840815321140466
52461,1.2048192771084338
31481,0.06688366700851653
7717,1.233060676352094
16395,1.2546386287329916
135219,0.8516678495386799
200954,1.1173184357541899
260428,0.5354983589566419
210296,2.0689655172413794
266121,1.3305736250739209
264241,0.6242905788876276
84,1.520912547528517
201825,1.1214658031906493
314040,2.100089365504915
35435,0.9591115598182737
55690,4.300612837329319
295486,0.8573571964419676
160495,1.2860727728983687
131014,0.9023354564755839
42673,1.2149532710280373
228328,0.7809110629067245
322289,1.050363587395637
127060,1.3220675944333995
38386,1.8542615484710474
3931,3.3011522890065397
264052,0.0018951030537092154
9441,1.139384732244588
231581,0.006172335591877206
93260,1.6083340948551585
335212,1.2195121951219512
145189,1.6321772078111338
240196,3.888528839922229
94104,0.9872241579558653
230802,92.4003218300342
284378,0.8452435838327955
262941,1.2260127931769722
12750,0.8898776418242491
291962,0.6276150627615062
284742,0.7501562825588665
128780,2.2714681440443214
157917,1.574803149606299
153938,1.2214551248008496
357563,0.5561497326203209
251247,1.4358647096362476
158600,0.6810778797749482
191876,1.0085574572127138
34084,1.3092432573972244
329716,3.839590443686007
230303,1.5296367112810707
272738,1.4615662215806569
38054,1.0638297872340425
300442,1.1111111111111112
25021,0.9833720722331485
295374,0.4980434009249377
16747,1.4965378601742236
230889,1.141769743101808
173,2.076697668492802
108784,1.05731775180857
300905,1.5085351329892815
9625,2.1525950729490555
1117,2.5628856193640246
163967,0.8891583308073153
192135,0.016928145467216816
280794,99.67061660969314
46213,33.231641872381154
220517,1.0198135198135199
63268,49.64591284596526
241724,1.1448196908986834
122294,1.5197568389057752
283948,0.6268656716417911
246761,0.5079825834542816
283863,0.612780857893201
142079,3.6645757675800597
322708,5.825
119,1.6993728504956502
163474,1.2106537530266344
124,2.1947581504368205
252929,1.7745709828393137
180020,3.3423180592991915
249381,0.005380576120206057
31594,0.010303777255233026
298065,0.0037852564262198735
215,2.4858235526836343
224,2.392974753018661
323156,2.144469525959368
339958,0.315955766192733
31999,1.0732492621411323
203417,2.3616236162361623
117985,1.925722145804677
2181,3.977828496902511
195162,1.252740369558409
183840,1.3014478607450788
159473,2.083333333333333
204836,2.464268112370626
194880,1.0260795211628901
121297,1.6023166023166022
132531,0.033815397083130486
342562,0.3777148253068933
232595,1.3541666666666667
110277,1.2305971192840164
146791,1.9475460919241756
300300,1.155898043864849
324856,0.7383580671101688
8045,2.2097053726169844
9203,1.9234834073134643
281466,1.4383989993746091
351913,0.5630026809651474
175324,5.26949311221078
13004,0.6813480958754107
269968,1.315002988643156
158275,1.2823868097356714
270314,0.647887323943662
198525,1.4705882352941175
134726,1.474588403722262
266810,0.7451656607956645
40692,93.56811651389614
201,1.5728476821192054
181304,1.6756418886431388
1219,1.775771256583898
364073,0.3867225265871737
140934,1.008846810492007
131287,1.5349773527931554
306481,1.7111853088480802
35570,1.1811023622047243
1,2.24011200560028
17392,3.3393735438778154
277085,1.0044642857142858
25568,0.004481339701483024
235802,0.9424436216762033
205610,1.7924528301886793
246200,1.3560804899387575
3955,3.950496661781469
552,1.5019525382997898
37836,1.0278113663845223
157,2.2404371584699456
63543,2.857142857142857
2338,2.1267069621670025
338957,0.3787878787878788
345972,0.6311360448807855
175640,0.8146639511201629
66,1.5594541910331383
199042,0.012928846095513341
141423,1.260053619302949
242705,2.440214738897023
111799,1.0852713178294573
25554,0.9011055580796608
269207,0.6023153942428034
249259,0.7904245709123758
180593,1.2808988764044944
244654,1.6201620162016201
17226,2.0959359291130615
12761,1.7294388931591083
218509,1.6446048937023665
359970,4.312938816449348
151022,1.099887766554433
25417,0.014584852588811335
363369,0.8886255924170616
147151,33.196091922206186
242,49.90567087442925
342810,0.0009985431255797792
2453,0.013861969439308088
156943,0.0022982028054061724
353470,0.0017969559566095035
59959,0.012697318824198401
423,0.0017489759745668912
147253,0.002794227126756122
312484,0.5941014215998303
329551,2.0545518951470068
823,98.5146160246973
166571,1.7670157068062828
136280,0.8637236084452975
210232,2.034174125305126
55697,1.8901098901098903
356414,1.8081761006289307
298229,1.5310233682514103
225244,0.5649717514124294
270971,1.2866137421297563
300217,1.64756446991404
282414,0.477815699658703
145659,1.5000937558597411
317985,0.5471075710032987
9609,2.318100104077964
22348,1.3556258472661544
172996,1.4092446448703495
252328,1.8361581920903955
50768,1.1074197120708749
256999,0.9124087591240875
275044,2.0027309968138374
276894,0.003089267883373162
17396,1.5548281505728314
84876,48.766026156676794
314503,0.5947323704333051
6901,3.3950617283950617
62222,1.2127171419206817
160477,0.8364223933086208
329465,2.6979982593559617
38343,1.4373716632443532
291859,0.9887005649717515
33451,2.47383444338725
176494,0.6375634517766497
244191,1.120331950207469
41,1.6623376623376624
130960,1.3392857142857142
63170,1.1627906976744187
328908,0.774764803541782
206941,0.8352585747289852
173101,1.0554988083077972
28143,0.07554416918802577
249746,1.3480392156862746
316377,0.6876886950687688
223770,0.951048951048951
398,1.5113350125944585
251658,0.47417791980208224
10547,3.137368903598023
218530,2.28022802280228
199478,0.8781687254844563
294514,1.4449127031908489
142326,0.8538715311469047
344258,1.0903426791277258
347137,1.0786802030456852
82421,1.4301844185171246
225694,0.7886824074530489
55829,1.7368421052631577
301257,1.2521588946459412
226520,1.9238641015145312
56692,1.2771052281495279
144529,2.1264994547437297
5,1.1986559004965143
240980,4.05766150560598
125678,2.428649835345774
11971,2.865785702913549
102680,1.2734038841725783
91536,2.789886660854403
300001,1.403349932095971
21550,1.0681746779767516
183571,1.4273230410719489
21050,99.43090699942634
176083,2.333641404805915
232219,1.002271816116531
478,1.3372429635993501
121288,1.1468901632112924
111124,2.063679245283019
257732,3.1307550644567224
267271,0.832639467110741
132018,1.722972972972973
17710,3.08500164095832
234669,4.339378238341969
231218,0.9161381254404511
300327,0.9302325581395349
95527,2.209063994534275
12962,2.156177156177156
172,0.6495263870094722
37919,1.8181818181818181
1822,0.96514745308311
49,2.2323610884797134
356033,1.409636019356196
97786,1.2564671101256468
304420,0.9789029535864978
260300,2.245789145352464
176189,1.6328360120381635
192836,1.6743508857073528
161533,1.2259194395796849
39339,5.485772878749039
172220,1.6251904520060942
237182,1.227060720979905
125752,0.9174311926605505
117959,1.0726297609308246
328565,0.47066206463759025
374173,0.8143322475570033
28089,0.8939455505891915
297985,0.0007989669357520725
34297,1.9242902208201893
24417,3.897965032960734
273330,2.688
139030,3.0695900857959963
358504,1.2509197939661516
180852,2.8592023065833736
106,1.4600629831090752
43111,1.5612853070743715
113924,2.855908870053447
167355,1.5586963630418196
94246,1.0552975939214857
230,2.320522117476432
295262,0.6843455945252352
280453,0.8370535714285714
152,1.6469377251672672
21523,3.0333167578319244
20437,0.012517646404306072
29368,3.0320284697508897
144189,1.4637629418064977
3565,0.003095387872070615
73369,0.0075784317831451686
39938,99.29897865360212
227456,3.640776699029126
2842,2.196588538470978
97842,1.0478895308980511
61692,2.147099132023755
257518,1.2345679012345678
207572,0.7528230865746549
526,2.8683005655803933
619,2.5518341307814993
182694,1.7034456058846303
1513,3.4292565947242206
131366,1.6273584905660377
269385,1.861771622680951
275913,0.6666666666666667
171726,2.580071174377224
128996,0.9523809523809524
174660,1.1906677393403058
154458,0.8740475123263111
317434,1.019108280254777
170416,2.3505215219626856
207691,1.5867291741795888
281526,1.1577424023154848
20963,2.343918772953122
104710,1.8871712507528609
40209,1.1450381679389312
303057,0.34522439585730724
146508,3.674162697093904
60435,1.9592163134746103
19100,1.2183468705207836
177478,0.8216529724504592
131325,0.9478672985781991
109125,0.7490636704119851
164265,1.84141300263059
223321,2.528006344800238
301919,1.004228329809725
187377,1.3281682346430548
137649,1.5977443609022555
107255,1.4253897550111359
256570,0.2518891687657431
149776,1.7647058823529411
162009,0.639386189258312
902,1.60072485653881
193042,0.8381058807095964
98778,1.8966070855185702
274637,1.0446821900566394
51,3.722334004024145
207830,1.7393171569680053
105134,3.0179640718562872
197405,0.8794430194210334
8989,1.2244897959183674
146221,2.4798512089274647
234487,1.3202822672433419
218417,0.8604564160119716
205046,0.7955077211043519
171879,0.9780907668231612
27708,1.1061706973213319
167513,1.7627616599338967
16992,2.0385050962627407
36553,1.9779598756710937
555,1.2037945698397121
353545,0.3904863329783458
155695,2.9506506893441564
13823,0.016700896877926384
226518,1.4242424242424243
224037,0.018420843772627996
148951,2.361382909328115
39351,1.8927444794952681
255674,0.8979885057471264
171,2.779918372006736
169416,2.570694087403599
282853,1.04
184151,3.0380673499267936
712,1.9964028776978417
138431,1.7172295363480254
229892,1.9230769230769231
164153,1.1205065189319783
195421,1.0526315789473684
180263,2.6074472026676547
68425,1.612280363004441
269210,0.623875224955009
253344,1.323867996930161
379078,1.89873417721519
65244,1.316484498801349
147020,0.8031016338964275
280136,1.5548645046645935
84419,1.7771883289124668
217449,1.3879439379507414
192458,1.0091881307425818
181279,2.012043924902586
311988,2.3681858802502234
163154,1.3097949886104785
145588,0.9919404835709857
268864,0.7360061979469301
227460,1.2254901960784315
354,1.5427769985974753
91080,1.7205422314911365
200077,1.3524016788434634
171233,1.9463991615511305
148575,2.530755711775044
330038,0.11074197120708748
336986,1.243209360635186
57390,1.9912251096861289
169124,1.4106583072100314
362944,1.5752032520325203
268586,0.0004996402590135103
133473,32.96909093126743
177590,0.9957003847024214
26997,1.0974539069359086
2251,2.295918367346939
113289,3.591331269349845
95064,0.9945750452079566
173064,1.9538188277087036
1159,1.1414503133393017
314088,0.4098360655737705
594,2.5346400811084826
271896,0.9619666874498976
239942,1.7149615612063869
165401,1.0505050505050506
223931,1.2965964343598055
30549,24.99674760231743
321608,0.9395424836601307
281946,2.3325358851674642
122298,1.0686164229471318
82168,1.9318653926049023
169426,0.816724881857407
362452,0.49450549450549447
215840,4.960753532182103
167270,1.1639185257032008
195528,1.5461763476807355
326933,0.5420054200542005
167400,1.7183288409703505
11,1.413847187990141
45986,2.222863741339492
12995,2.8309741881765196
231484,1.0869565217391304
72991,0.7010164738871364
159675,0.8340523439746907
171662,0.004891830642826479
154809,0.0008399102975802185
242804,0.0009986508227384802
195314,0.7401924500370096
143175,0.9421265141318977
240,0.004991075956190332
103886,0.012847364348265156
624,2.255356471620098
123499,1.5948021264028351
283393,0.7394366197183099
192153,0.9698929076581128
276182,0.851063829787234
267127,0.6602641056422569
266967,0.22753128555176336
269603,0.8339651250947688
283619,0.5980066445182725
915,3.4217703942474587
191894,1.5020366598778006
123570,2.7915975677169707
112138,3.5239902412577933
228341,0.7600950118764845
156546,1.538186370953318
166669,0.6020722486698404
699,1.7086877278250305
157526,2.265779536054666
180680,1.0457125784284433
175199,2.5240384615384617
175155,1.3082858101308286
273703,2.6050420168067228
216600,0.5462615227039945
34887,2.960906777700671
243430,1.3741411617738912
21763,1.2868480725623581
30618,3.56718192627824
264647,1.4989293361884368
66356,1.9889840881272949
24773,1.2743926722421346
367498,1.1082693947144073
17329,0.8795180722891566
57660,1.9098548510313216
306735,0.5282405526208858
1544,1.8967661691542288
215341,1.3785046728971964
223953,1.2204622176058166
176920,0.8632439800090868
66056,1.8286026200873364
228660,2.3104880581516096
313010,1.337448559670782
115746,1.2834821428571428
38453,2.464233944665028
171011,1.5572105619498984
100423,2.171548285725797
54137,1.8317230273752014
48726,24.955968891504053
264220,59.907251500478466
326934,0.00039978811230048075
208024,0.000549928921686872
290484,0.8912655971479502
138233,1.2514220705346986
181345,1.3272077590607452
328871,1.581476044308021
939,1.6681695220919748
205637,1.4557039578483029
198928,0.7797270955165692
318182,1.2028608582574774
31563,1.5595009596928981
256788,0.8542298153761366
70323,1.414327755084113
218603,1.4859366707942685
127023,1.2100213219616205
164949,1.1194029850746268
380607,0.2840909090909091
41066,2.6869158878504673
139771,2.770517511761631
237,1.2007684918347743
288513,1.4049586776859504
157413,1.0209290454313424
162007,1.2462462462462462
221318,1.372605090077209
226320,1.3706140350877192
296345,0.7619047619047619
39684,1.3775130305286671
156858,1.4397905759162304
18745,0.9631490787269681
93,0.9203933939506402
199,1.4017033356990773
257769,0.3785011355034065
263918,0.4927041879855979
140603,0.005782098622664231
232414,1.3439522150323544
297562,1.015228426395939
10630,1.2638874732443177
297129,1.4410187667560321
160902,1.335113484646195
266524,0.6004391271228211
277927,0.33222591362126247
285984,1.156440732412464
164338,0.7221750212404418
294612,1.1263467189030363
331050,0.9345794392523363
24742,2.803286611889802
163745,1.2108792846497765
134253,2.7777777777777777
251551,0.3861003861003861
159109,2.477357485348961
341169,0.9028642590286425
188866,1.0409715734685707
103343,2.021833408105279
61487,2.0491803278688523
232043,0.8012209080503624
194879,1.6856097091119244
245487,0.5386565272496832
252399,1.9809825673534072
253284,0.9192584648383637
279613,1.0670081092616304
206803,0.1991040318566451
202977,1.098901098901099
592,2.3293829178586023
13,12.524055908681023
101785,1.8794914317302378
96848,2.0180825130373066
131357,2.130573391405864
432,1.3142816215441915
331787,2.2775584573337384
140933,1.0192023633677991
235375,1.4951940192239233
2655,0.9618610893636059
239464,1.2584190003544842
69789,1.7523982173880202
181819,2.3178807947019866
171623,0.8471074380165289
155426,0.8603785665692905
154203,1.2356501774159883
35815,2.7783760499676933
330608,0.546448087431694
244916,1.7375231053604434
157096,1.9166666666666665
254192,2.140945584299732
198830,1.800600200066689
329845,0.8547008547008548
143185,3.488372093023256
220792,1.2658227848101267
19600,1.7094017094017095
32125,1.8731117824773416
248158,1.8136850783182192
276042,0.49071153172099546
65564,1.4332965821389196
262215,1.148815835984447
281442,1.9513659561693184
196202,1.3953488372093024
194690,1.3685239491691104
343562,0.576923076923077
27627,7.413301505205225
68448,32.933974607593754
161970,1.5181039561335932
8217,0.7476635514018692
271088,0.47489823609226595
71,1.9571045576407506
73171,2.5029797377830754
35052,3.3152909336941816
103885,1.2628606011700625
211716,4.0898155573376105
12,1.1820634716690224
32412,1.3085690164626425
1829,3.054932735426009
11825,1.89873417721519
90137,1.2713371266002844
207336,0.8193445243804955
394,2.028864254340096
31260,1.7856389634857923
271518,0.003984714634661438
293889,0.5055611729019212
4390,0.9439899307740718
307305,0.8348457350272231
180592,0.6214689265536724
128271,1.0471204188481675
285967,2.306819614269507
119432,1.376518218623482
22345,1.0642247246627892
345868,0.38797284190106696
146886,0.9406724410915526
47,1.2553073657005722
102794,1.0895775654193087
181530,1.669449081803005
316858,1.4445479962721341
230305,4.0658775090066905
38862,1.3105639396346307
223750,1.4444778814324404
28720,1.121347284171912
44163,2.2802929427430096
340677,0.5711565920990005
240567,1.3280865715691097
128442,3.9417828987265007
681,1.477832512315271
215842,3.783031988873435
15818,2.0709509658246654
120523,3.628023352793995
174973,1.92822710230316
213266,0.5339661821417977
244608,0.7259001161440186
271529,0.30959752321981426
180899,2.2051102555127757
148943,1.8538713195201746
106662,1.8258426966292134
248065,1.5245158632056035
123607,2.8307022318998367
220877,0.5264345341054373
181524,1.9010043041606886
181687,1.4023119196513172
347703,0.28294260307194824
309630,1.3042060645582003
26990,3.1813361611876987
163413,0.8144796380090499
