id,price
337765,$55.00
205597,$22.99
2346,$31.80
274960,$16.99
153065,-1
161882,-1
5716,-1
40270,$146.00
372,$14.99
66589,$135.33
123123,$119.99
1115,$16.99
284108,$39.95
149951,$64.26
174785,-1
42,-1
240271,$85.82
96007,-1
259081,$49.95
193738,$44.95
340325,$60.16
31105,-1
281259,$34.99
21348,-1
242639,-1
171273,$24.06
266507,$89.99
22545,-1
494,-1
244513,$25.50
4396,-1
199383,-1
66505,-1
22877,-1
3076,$98.00
195539,$100.48
122842,-1
62219,$66.00
299684,$34.07
1345,$46.98
72321,-1
46396,-1
144041,-1
148729,$29.99
230933,-1
75165,-1
365104,$29.99
310873,$60.77
193558,$112.31
179460,-1
216092,$14.99
295895,$73.09
284818,$42.19
295293,$149.99
185589,-1
165872,$74.63
206051,$22.95
233961,-1
72225,-1
254386,$115.56
286096,$70.97
37380,$37.72
38545,-1
231696,$28.99
160851,$30.70
146439,-1
41863,$84.89
244271,$177.83
285905,$77.56
318983,$47.75
4098,-1
77423,$74.99
193728,-1
209010,-1
127398,$42.50
281549,$66.99
27746,-1
254708,$169.99
191597,-1
350205,$138.50
157809,$45.22
199792,$65.00
154825,-1
83330,$87.99
1897,-1
34635,$46.49
129051,-1
218804,-1
311715,$25.99
85325,-1
295607,$29.46
142992,-1
297486,$39.95
192074,-1
183006,-1
214396,-1
142852,$34.99
33160,$68.08
298638,$31.95
1353,$19.99
45,$31.06
198487,$21.17
254591,$49.99
35677,-1
271055,-1
244521,$39.99
301880,$48.24
9823,-1
224517,$79.95
38765,-1
274364,$28.99
214484,-1
47185,$122.99
294484,$38.97
255692,$59.55
811,$15.97
17223,-1
258444,$24.36
254,-1
198454,$29.99
188547,-1
229220,$59.99
319910,-1
310192,$39.10
15512,$26.09
248490,$59.97
1499,-1
350736,-1
191977,-1
27833,$29.98
266164,$49.99
98351,$35.37
290359,$31.95
75358,-1
281655,-1
70149,$69.99
349067,$55.99
246784,$28.04
332321,$24.75
323612,$59.90
8051,-1
251661,$649.99
206084,-1
330174,$24.99
135382,-1
351526,$52.76
291572,$90.00
12002,$125.00
180040,-1
33604,$22.99
113636,$60.00
102548,-1
122522,$27.78
29603,$89.95
34219,-1
172385,-1
331106,$98.95
318546,-1
118048,$19.95
244536,$23.98
182631,$16.95
326945,-1
2808,-1
100901,$49.95
246192,$50.37
171131,$70.00
283317,-1
183880,$68.50
40765,-1
63628,-1
137408,-1
13884,-1
291845,-1
9446,-1
102435,-1
85005,-1
253608,-1
58936,-1
5206,-1
189932,$38.50
209778,-1
245422,$29.45
227515,$27.95
111417,-1
92319,$49.99
194517,$40.00
256382,$34.99
306882,$13.65
31497,-1
325494,$153.95
146312,$119.98
229265,-1
41002,-1
105037,-1
190082,$41.56
224597,$149.99
37628,-1
36522,-1
316554,$51.42
192945,-1
356123,$39.99
245931,-1
169654,$19.76
37907,-1
300531,$61.66
14996,$33.80
128671,-1
38863,$40.90
178336,$27.26
3072,-1
315610,$99.00
195544,-1
310448,$24.99
270970,-1
196526,-1
311193,$44.02
26566,$84.00
16267,$34.38
329839,$24.99
9217,-1
134352,-1
72287,$16.99
5404,$133.00
551,$192.96
230080,-1
303672,$16.67
136888,-1
290236,$54.98
257499,$55.71
105,-1
272533,$56.31
67239,-1
186751,-1
97903,-1
244228,$34.96
159503,$39.95
254713,$59.99
347013,$23.50
127997,-1
137297,-1
245654,$23.00
344554,$54.95
3228,-1
113873,-1
318472,-1
193214,$85.00
175549,$24.99
204472,$65.25
126792,-1
163839,$89.95
91312,-1
306881,-1
245476,-1
298383,$67.17
202426,$59.03
155873,-1
17405,$57.73
188920,$69.41
359438,$53.28
2398,$12.99
1032,-1
221965,$15.99
221194,$39.99
113401,$24.99
181810,$19.99
248125,-1
303551,-1
156091,$39.99
87890,$78.88
2122,-1
138649,$19.99
244711,$68.97
142379,-1
300753,$16.02
247236,-1
98,$299.99
165950,-1
117915,$137.21
21920,$51.98
58421,-1
25669,$24.95
284777,$27.99
242574,$31.89
291457,$37.47
317457,$37.20
304051,$49.00
167791,$79.99
172081,-1
168584,-1
182134,$58.50
268012,$299.99
160010,-1
224783,$129.99
234,$108.98
166226,$47.77
302388,$14.31
302524,$19.99
278,-1
365717,$49.95
364011,$55.99
286751,$109.04
225167,-1
19777,-1
17133,$149.99
332772,-1
22,-1
256226,$31.99
197070,$179.95
266966,$29.99
272739,$49.99
18833,-1
354934,$52.99
293296,-1
168998,$12.99
272453,$11.58
171668,$22.35
223855,-1
127518,-1
193037,$45.95
41916,-1
154246,-1
158435,-1
148228,$35.99
2093,-1
235488,$69.96
260180,$34.99
253499,$50.00
205059,$87.99
346703,$48.99
204027,-1
140620,-1
244995,$14.55
192457,$39.95
155362,-1
41010,$23.99
241266,$26.96
85256,$13.99
307002,-1
261594,-1
334590,$15.97
123260,$69.95
257614,-1
366161,$43.95
521,$165.00
71721,-1
259374,-1
350458,$88.80
129622,$19.78
265188,$84.99
1540,-1
318184,$41.20
2651,$42.83
335609,-1
146021,$55.99
184267,$122.49
132372,-1
232988,$19.99
25613,-1
150145,$16.99
133848,-1
192291,$19.99
168681,$29.98
179303,$44.00
244918,$14.95
332386,$29.95
345584,-1
262712,$33.99
183562,$22.94
241831,$34.92
194626,$22.42
236457,$50.98
162886,$71.66
247367,$73.41
173346,$27.99
166857,-1
256952,$24.99
165986,$41.50
299960,$31.48
216428,-1
27162,-1
154086,$43.95
21441,-1
338760,$59.12
2955,-1
293014,$39.99
7805,-1
986,-1
71074,-1
25643,-1
204,$65.00
176371,$40.13
146418,$65.00
183251,$39.99
233867,$35.95
293678,$19.85
176544,$159.99
218121,$25.70
20542,$49.99
40793,$38.00
257527,$24.95
9674,-1
297978,$24.10
258210,-1
73,-1
94362,$59.95
150,-1
12495,$42.99
327711,$45.06
171669,$125.87
329873,$16.99
287954,$40.76
283355,$50.71
40628,-1
199561,$44.95
232,-1
172287,$63.44
528,-1
329082,$31.49
182340,$79.49
315767,$20.74
146278,-1
2653,$39.99
143404,-1
295770,$270.93
54625,-1
148319,$59.99
310100,$152.99
270673,$9.95
54138,$67.75
188,$24.67
143986,-1
282524,$34.99
163068,$60.36
318553,$22.95
274638,-1
233078,$131.99
252446,$50.00
363247,$44.99
10,-1
260605,-1
276830,$51.75
217398,$79.99
46,-1
203420,$14.95
297030,$89.99
194607,-1
37046,-1
351040,$33.99
105551,-1
195137,$67.81
65781,-1
221107,$53.99
299121,$89.95
302723,$59.99
182189,$29.97
21790,$138.88
198773,$24.99
340,-1
8125,-1
38823,-1
126042,$99.95
168917,$24.99
150312,$14.98
42215,-1
156566,-1
15511,-1
370591,$74.99
291508,$28.99
298102,-1
104162,$167.90
50,$22.59
35503,-1
151007,$31.50
169255,$44.95
271319,-1
37358,-1
267813,$15.65
90040,-1
314491,$43.28
208895,$29.35
205359,-1
218421,-1
298047,$9.65
206480,$43.78
251678,$19.93
169794,-1
165948,-1
268620,$9.99
181796,$52.95
325698,$23.99
224710,$106.72
253759,$39.99
24181,-1
159508,$69.99
162082,$36.90
230244,$59.99
300010,$21.99
253684,$44.03
342857,$16.18
318084,$38.95
214887,-1
200057,$124.99
281194,$25.99
310632,$41.99
143741,$17.90
350184,$52.00
235014,$49.99
244114,$110.00
156009,$20.95
7480,$59.95
284189,-1
2511,$49.99
77130,$119.00
15126,$54.99
23540,-1
269725,$13.89
242653,-1
138161,$85.31
56931,-1
286537,-1
3,-1
270633,$48.90
38992,-1
204583,$15.39
193308,$24.59
198994,$22.50
128667,-1
206940,-1
73664,-1
272380,$29.99
124742,-1
216459,-1
228372,-1
161614,-1
121410,$26.37
215841,$14.23
8203,-1
67877,$17.66
246663,$24.99
219101,$59.99
37904,$51.99
355093,$48.61
221,$499.99
57925,$49.99
312251,$28.99
30658,$69.00
120677,$59.97
285774,$55.99
218333,$34.99
130176,-1
34194,-1
153016,$43.57
284083,$14.95
54043,$23.90
235555,$71.87
234671,-1
483,$34.83
146652,-1
6205,-1
245934,$19.99
55600,-1
12493,$149.95
1198,$11.93
274841,$30.61
145639,-1
332290,-1
27225,$14.99
85897,-1
229853,$49.95
20100,$47.96
24800,-1
123540,-1
283294,$51.99
904,$36.95
156714,$42.90
229491,-1
1107,-1
586,-1
259298,$55.10
319966,$40.00
18,-1
701,-1
177802,$21.19
71836,-1
336794,$29.95
177524,$29.23
54998,-1
309110,-1
2507,$34.98
223215,-1
175293,-1
243759,$92.92
1915,-1
38718,$59.99
280480,-1
55427,-1
191862,$39.95
174078,$29.99
128621,$48.62
128721,-1
53093,-1
5072,-1
169427,-1
150658,$49.99
65901,-1
143405,-1
283864,-1
1231,-1
15363,$291.64
177678,-1
270844,$35.95
12902,-1
79828,-1
257501,$41.49
165838,-1
131111,-1
69779,-1
63759,-1
227224,$39.99
1634,-1
9220,$12.99
335764,$38.97
96913,-1
2065,$16.99
21551,$104.96
256606,-1
233208,$81.80
336382,$26.00
10093,-1
8098,-1
3097,-1
442,-1
180199,$67.66
171499,-1
212402,-1
230253,-1
58281,$209.99
346965,$83.86
230267,$29.99
309430,$21.39
176734,$109.99
254018,$99.96
6830,$42.95
119506,-1
204516,$80.00
217083,$31.68
131646,$219.99
256916,$63.25
102652,$62.95
159504,-1
70,-1
43443,$34.89
306040,$52.71
300322,$89.99
8190,-1
209418,$36.34
203427,-1
492,-1
325022,$91.40
367220,-1
11170,-1
316546,$24.99
40834,$33.54
197443,-1
115,-1
127024,-1
43570,$17.99
43015,$49.99
30957,-1
301716,-1
2397,$10.82
312318,$39.98
264982,-1
238546,$64.36
104955,$40.95
113294,-1
40354,-1
116954,-1
268201,$199.30
223040,$15.60
368058,$49.54
75449,-1
875,-1
200853,$44.00
198740,-1
277700,-1
264055,$16.89
301767,$29.99
22825,-1
6472,$51.43
155624,-1
34707,-1
26,-1
144733,-1
353288,$49.95
240855,$47.62
255675,$24.00
256320,$29.99
302260,$13.99
108745,$54.99
156776,-1
111341,$131.00
1041,-1
822,$24.95
361,-1
266083,$14.99
19857,-1
241590,$23.57
16986,$33.05
216091,-1
339484,$28.37
144592,-1
292375,$144.95
163412,$27.99
125618,-1
28181,-1
169611,-1
98918,-1
163805,$49.94
230085,$60.95
143515,-1
325635,$24.93
184921,$57.43
300877,$45.13
244331,$34.99
70919,$41.80
104363,$274.81
175914,$107.00
2081,-1
31627,$79.99
179172,$44.02
193949,$87.51
9209,$47.99
296912,$24.99
299047,$27.99
13642,$39.99
1035,-1
296237,$27.38
228504,$21.36
270109,-1
6411,-1
215312,-1
337787,$19.49
299252,$19.82
156129,$31.99
1301,-1
341530,$16.99
354570,-1
223376,$76.95
282954,$109.99
91873,-1
202408,$56.49
238393,-1
12942,$9.99
205418,-1
360265,$54.59
29934,$49.99
328326,-1
62227,-1
22484,$99.99
309105,-1
66510,$28.57
325555,$24.73
2163,-1
37111,-1
120,-1
170042,$48.52
144797,$53.95
191051,-1
308765,$59.24
163370,$180.90
121408,$87.93
194594,$47.82
150999,-1
104020,$64.99
215311,$39.95
187700,$123.76
362986,$49.99
903,$73.49
38159,-1
316412,$49.68
42487,-1
92415,-1
269511,-1
262543,$31.49
284584,$40.75
201921,$22.19
165722,$59.99
305985,$24.00
317311,$48.24
158889,-1
34119,-1
136955,-1
137988,$114.95
324090,-1
94,-1
168609,$91.56
116998,-1
42910,-1
12891,-1
13780,-1
300683,$46.39
155068,$79.99
350933,$45.50
42052,-1
205716,-1
274124,$61.84
276498,-1
1465,$7.50
175307,-1
180511,-1
124708,$63.99
98229,-1
334065,$36.09
4636,-1
15,$55.99
264198,$142.77
300583,-1
188834,$40.00
121,-1
27588,-1
271615,-1
22038,$299.99
119788,$92.99
42776,-1
79127,-1
148203,$12.99
199966,-1
39463,$55.99
149155,$14.99
39953,$69.99
312267,$32.70
195571,-1
175117,$67.95
277659,$21.00
214880,-1
554,-1
157354,$67.59
369880,$38.00
91,$159.00
232918,$55.99
66837,$70.60
144239,-1
361545,$51.99
527,$39.99
27976,-1
233020,-1
54,$59.99
202077,-1
140,$16.99
139898,-1
101721,-1
12477,-1
216632,$24.53
233312,$60.79
103,-1
103092,-1
254640,$22.45
221769,$66.80
321277,-1
30645,$39.94
194655,-1
37387,-1
340041,$27.99
27364,-1
71671,-1
99975,-1
220133,$47.59
19999,-1
106217,-1
250881,-1
104006,$159.99
28259,-1
172381,$62.99
4099,-1
313889,-1
328866,$125.00
25292,$64.99
39856,$44.87
60,-1
192860,$26.90
760,$19.01
43022,$199.95
183284,$44.00
1568,-1
272682,$45.00
303553,-1
438,$59.99
182874,$62.39
19622,-1
243,-1
179803,$64.89
63888,-1
38996,-1
833,-1
285533,$39.99
222542,$24.99
163602,-1
150376,$47.96
180974,$47.08
196496,-1
150997,$104.99
134453,-1
212445,-1
170561,-1
216734,-1
18258,-1
267609,-1
3201,-1
172931,$17.99
318977,$42.51
21133,-1
196326,$69.99
220308,$94.99
112,-1
24827,-1
248005,$24.69
82420,-1
342070,$58.46
332944,-1
301255,$69.95
83195,$20.34
59946,$44.16
284778,$27.95
201808,$59.99
172308,-1
7854,$33.45
9440,-1
244522,$20.99
82222,-1
207243,-1
144344,-1
327,-1
204184,$49.00
155987,$46.07
42452,-1
219513,$44.99
216132,-1
855,-1
336929,$28.97
152470,$79.99
1608,-1
304285,$11.99
170604,$100.00
233678,-1
143693,$111.00
284435,-1
147303,$177.77
1403,-1
349463,$26.99
72125,-1
197376,$51.91
177639,$26.84
218479,$67.59
113997,$43.99
198953,-1
157001,-1
128882,$23.99
147949,$15.99
155255,-1
475,-1
41114,$24.78
118174,-1
421,$80.07
339906,$41.98
287084,-1
350316,$49.21
322656,-1
172818,$37.49
68264,-1
200680,$60.73
178900,$12.39
333255,$124.99
826,$31.18
216201,-1
16496,-1
247763,$59.57
218074,$95.00
174570,-1
370913,$30.42
196,-1
253664,$7.97
256589,$40.26
123239,-1
183231,$16.00
143519,-1
151347,$80.00
3685,$79.99
15985,-1
177736,$101.62
119890,$39.99
179275,$21.88
137269,$62.99
129437,$60.00
269144,-1
256960,$92.20
238992,$31.80
255984,$89.99
241451,$117.70
158899,$32.22
67492,$210.30
293835,-1
181521,$49.99
121921,$54.95
2987,-1
1887,-1
33154,$399.99
232405,$169.00
66188,$89.99
36235,-1
5782,$16.93
283155,-1
222509,$74.96
279537,$34.92
187273,$34.65
66588,$22.00
125548,$14.99
228855,$40.00
169786,$67.32
318560,$43.16
271324,$44.66
213893,-1
120217,-1
30869,$29.99
245638,$47.79
28023,-1
284936,$47.39
227935,$275.00
244115,-1
88,-1
196340,-1
30380,-1
232832,$39.99
139976,$198.49
173442,-1
174837,-1
203993,$49.95
66362,-1
161417,$11.18
174430,$199.00
134157,$14.95
249590,-1
256680,$299.99
305096,$369.99
155969,-1
104347,$109.84
275467,$22.95
340466,$59.48
258036,$45.00
316624,-1
92828,$29.99
1261,-1
205317,$79.99
276025,$60.99
326494,$50.16
271869,$30.50
285265,$62.85
97207,$40.28
175095,-1
342942,$66.99
338460,$29.25
143884,$29.99
929,$14.99
878,-1
50750,-1
332686,-1
342848,$49.99
24703,-1
107529,$48.99
202583,-1
245354,-1
21882,$19.99
124172,-1
157969,$129.94
158900,-1
200511,$77.37
19237,-1
214029,$67.22
230383,-1
463,$77.97
173090,-1
91872,$52.98
118695,-1
204305,$46.39
248861,$14.99
206915,-1
288169,-1
122515,$71.89
220367,$89.99
141572,-1
322622,$18.48
91514,$14.99
191189,$53.34
299659,$94.14
272427,-1
205398,$64.99
172386,$149.99
218293,$35.49
220,$20.00
302425,-1
231733,-1
29223,$37.94
308119,$69.98
3307,-1
348450,$63.95
338834,$33.48
45315,$91.60
125153,$129.95
236191,$61.93
331820,$61.00
191300,$19.99
160018,$25.94
110327,$34.99
239188,$33.10
298069,$46.00
70512,$77.50
145371,-1
265402,$38.05
124361,$60.86
191231,$29.99
22192,-1
195043,$14.99
304783,$49.90
160499,$36.26
179572,$47.21
175223,-1
244992,$10.99
318009,$23.96
245643,$44.99
89409,-1
170771,$63.94
126163,$59.95
246900,$137.99
250458,$69.95
491,-1
285192,$46.99
237179,-1
38713,-1
238799,$54.16
299169,$22.97
1382,-1
13308,-1
15987,$149.99
217780,$57.53
168,-1
23094,$49.99
154386,-1
267378,-1
73439,$52.86
256997,-1
161866,-1
10640,$249.99
206718,-1
162286,$49.88
233247,$43.99
295905,$55.52
269752,$33.29
166384,$24.99
316786,$55.95
195856,$44.99
161936,$70.00
172047,$139.99
266192,$47.67
183394,$48.62
18100,$69.00
730,-1
363307,$46.43
109276,-1
346501,$50.54
90419,-1
184824,-1
296151,$39.99
234477,-1
503,-1
241477,$35.85
245961,$33.99
131260,$9.97
157026,-1
219100,-1
178054,-1
233262,-1
242684,$35.98
108906,$57.03
25821,-1
2393,$5.20
176229,-1
146910,-1
295564,$38.97
36932,$249.99
168435,-1
204135,$14.95
157403,-1
339789,$30.49
18098,-1
274450,$40.70
9216,-1
27173,-1
203416,$14.23
152162,-1
350636,$36.99
184424,$999.99
222514,-1
15364,$35.00
253618,$29.98
176396,$79.99
338628,$18.85
24480,$37.55
187645,-1
258779,-1
1662,-1
217372,$39.99
20551,$137.32
129948,-1
22141,-1
15817,-1
24068,-1
170624,$44.99
217861,$41.96
35497,-1
151771,-1
233398,$127.93
270239,-1
29937,-1
103185,-1
14254,-1
281474,-1
242722,-1
267319,-1
299317,-1
245655,$55.30
136063,$33.95
265736,$37.64
132028,-1
298371,$28.99
163642,-1
36218,$36.34
205125,$27.99
163166,$14.76
293141,$78.99
141517,-1
98527,-1
6249,-1
238638,$59.95
332800,$49.95
287938,-1
53953,-1
200147,$29.99
187617,$49.00
164928,$60.76
118,-1
39683,-1
359609,$47.96
252752,$54.99
8129,-1
352697,-1
176165,$48.99
43528,-1
271601,-1
148949,$65.67
170216,$89.99
136991,-1
359152,$14.69
284121,-1
242302,$36.06
210274,$62.99
41933,-1
95103,-1
185343,-1
227789,$114.27
481,$158.08
24310,$32.60
305682,$19.99
279254,$67.47
116,$14.99
91984,-1
261114,-1
3284,$299.95
251412,$44.00
47055,-1
291453,$42.99
151004,$21.18
295947,$32.93
133038,-1
234277,-1
135779,$27.00
6351,-1
182028,$69.95
55670,-1
262211,$174.95
129736,-1
156689,-1
21241,$36.26
252153,$59.95
22827,-1
212516,$80.66
65532,-1
18602,$124.99
226522,$14.10
123955,$78.78
284760,$31.99
3800,-1
266830,$44.00
226501,$129.95
26457,-1
220520,$32.20
12333,$53.32
219215,$12.85
206931,$24.99
146816,-1
273477,$50.68
253214,-1
331401,-1
156336,$39.99
249277,$49.95
126100,-1
43868,-1
14105,$57.29
284653,$60.00
163968,$47.99
36648,-1
294702,$59.95
295785,-1
223740,$36.75
302098,-1
224821,$18.63
30381,-1
217085,-1
343905,$69.99
205896,$99.99
256730,-1
246684,$50.76
254127,-1
204505,-1
239472,$51.57
160610,-1
232361,-1
13122,-1
233571,$95.99
195560,-1
119591,-1
73761,-1
269595,$44.99
142961,$109.99
233371,$49.99
252526,$22.64
31730,-1
244049,$79.95
366013,$139.99
15062,$299.99
176558,-1
328479,$49.97
5737,-1
59294,-1
88827,-1
155821,$72.79
209685,$47.10
202670,$71.99
24508,-1
155703,$44.99
52461,-1
31481,-1
7717,-1
16395,$16.99
135219,$78.00
200954,$44.95
260428,$28.99
210296,-1
266121,-1
264241,$29.87
84,$75.99
201825,$60.00
314040,$69.90
35435,-1
55690,$856.99
295486,$27.98
160495,$125.00
131014,-1
42673,$107.99
228328,$114.95
322289,-1
127060,-1
38386,-1
3931,-1
264052,$65.22
9441,-1
231581,$47.10
93260,$209.99
335212,$60.14
145189,-1
240196,-1
94104,$16.13
230802,$31.99
284378,$131.94
262941,$73.20
12750,-1
291962,$29.99
284742,-1
128780,-1
157917,-1
153938,-1
357563,$29.99
251247,-1
158600,-1
191876,$34.79
34084,-1
329716,$39.49
230303,$33.03
272738,$34.99
38054,-1
300442,$49.95
25021,$60.70
295374,-1
16747,-1
230889,$53.21
173,$51.99
108784,-1
300905,$22.37
9625,$64.99
1117,-1
163967,$24.00
192135,-1
280794,$199.99
46213,$31.99
220517,-1
63268,$12.99
241724,$29.99
122294,-1
283948,-1
246761,-1
283863,$75.00
142079,$107.42
322708,$119.95
119,-1
163474,-1
124,$114.00
252929,$32.57
180020,$25.95
249381,-1
31594,$27.66
298065,$34.60
215,$12.64
224,$105.11
323156,$71.16
339958,$49.11
31999,$31.51
203417,$14.95
117985,-1
2181,-1
195162,$46.97
183840,-1
159473,-1
204836,-1
194880,$39.99
121297,-1
132531,$42.53
342562,-1
232595,$38.70
110277,-1
146791,$119.77
300300,$29.99
324856,$14.99
8045,$49.99
9203,-1
281466,-1
351913,$59.99
175324,$47.99
13004,-1
269968,$14.95
158275,$19.99
270314,$14.95
198525,$49.99
134726,-1
266810,$50.03
40692,-1
201,$19.95
181304,$43.99
1219,$33.93
364073,$29.99
140934,$20.00
131287,-1
306481,-1
35570,-1
1,-1
17392,-1
277085,$12.55
25568,-1
235802,-1
205610,$20.99
246200,$15.75
3955,$22.23
552,-1
37836,$69.99
157,-1
63543,-1
2338,$199.99
338957,$28.95
345972,$28.00
175640,$98.99
66,-1
199042,$49.95
141423,$41.91
242705,$519.99
111799,$59.84
25554,$54.99
269207,$58.49
249259,$48.29
180593,-1
244654,$55.01
17226,$167.90
12761,$102.66
218509,$55.86
359970,$34.00
151022,-1
25417,-1
363369,-1
147151,$41.49
242,-1
342810,$117.94
2453,$22.00
156943,-1
353470,$14.99
59959,$81.49
423,-1
147253,$79.95
312484,$39.99
329551,$57.72
823,$89.99
166571,-1
136280,-1
210232,$99.99
55697,$96.48
356414,$49.64
298229,$221.07
225244,-1
270971,-1
300217,$63.45
282414,-1
145659,-1
317985,$62.06
9609,$82.95
22348,-1
172996,$48.95
252328,$36.75
50768,$99.99
256999,$143.64
275044,$24.45
276894,$19.95
17396,-1
84876,$59.99
314503,-1
6901,$14.99
62222,-1
160477,$29.49
329465,$20.80
38343,-1
291859,$24.25
33451,$31.59
176494,$41.99
244191,$39.99
41,$39.75
130960,$84.90
63170,-1
328908,$48.32
206941,-1
173101,-1
28143,$27.34
249746,$57.99
316377,$49.99
223770,-1
398,-1
251658,-1
10547,$45.88
218530,$24.99
199478,$62.99
294514,-1
142326,-1
344258,$49.99
347137,$37.99
82421,$75.00
225694,$24.99
55829,$80.43
301257,$60.99
226520,$14.95
56692,$19.99
144529,-1
5,$48.33
240980,-1
125678,$38.25
11971,$35.16
102680,$114.99
91536,$46.00
300001,$40.89
21550,$32.99
183571,-1
21050,$199.95
176083,$24.99
232219,$42.99
478,$27.46
121288,$33.80
111124,-1
257732,-1
267271,$29.99
132018,$88.42
17710,-1
234669,$39.99
231218,-1
300327,$33.98
95527,-1
12962,-1
172,$26.43
37919,-1
1822,-1
49,-1
356033,$59.99
97786,$59.99
304420,$55.95
260300,$14.98
176189,$109.99
192836,$44.95
161533,$125.99
39339,$139.99
172220,-1
237182,$49.99
125752,-1
117959,-1
328565,$35.00
374173,$30.49
28089,-1
297985,$26.60
34297,-1
24417,-1
273330,$87.99
139030,-1
358504,$54.00
180852,$24.91
106,-1
43111,-1
113924,-1
167355,$177.77
94246,$80.00
230,-1
295262,$52.66
280453,$53.75
152,-1
21523,$199.99
20437,$99.99
29368,$49.68
144189,$76.58
3565,-1
73369,$54.96
39938,$141.41
227456,-1
2842,$28.44
97842,$37.95
61692,$71.13
257518,-1
207572,$149.99
526,$44.45
619,$19.95
182694,$69.99
1513,-1
131366,-1
269385,$99.99
275913,$22.97
171726,-1
128996,$80.00
174660,$33.08
154458,$34.91
317434,$44.90
170416,-1
207691,$49.99
281526,-1
20963,-1
104710,-1
40209,$219.99
303057,$19.99
146508,$47.99
60435,-1
19100,-1
177478,$54.99
131325,-1
109125,-1
164265,-1
223321,$27.43
301919,$8.98
187377,-1
137649,-1
107255,-1
256570,-1
149776,-1
162009,$65.78
902,-1
193042,$49.99
98778,$8.99
274637,-1
51,-1
207830,-1
105134,-1
197405,$99.99
8989,-1
146221,-1
234487,$51.52
218417,$34.00
205046,-1
171879,-1
27708,-1
167513,-1
16992,$31.99
36553,$19.99
555,$65.00
353545,$20.99
155695,-1
13823,-1
226518,$14.95
224037,$24.95
148951,$22.34
39351,-1
255674,$19.95
171,$17.99
169416,$44.99
282853,$79.20
184151,$19.99
712,-1
138431,-1
229892,-1
164153,$111.49
195421,$60.49
180263,$69.00
68425,-1
269210,$22.69
253344,$87.99
379078,$84.99
65244,$20.99
147020,$14.99
280136,$35.96
84419,$129.95
217449,$29.35
192458,$157.09
181279,-1
311988,$539.99
163154,-1
145588,-1
268864,$38.38
227460,$108.98
354,-1
91080,-1
200077,-1
171233,$37.97
148575,$8.54
330038,-1
336986,$37.00
57390,-1
169124,-1
362944,$38.54
268586,-1
133473,$11.99
177590,$39.99
26997,$69.99
2251,$73.99
113289,-1
95064,-1
173064,$49.95
1159,-1
314088,-1
594,-1
271896,$59.99
239942,$89.90
165401,-1
223931,$48.49
30549,$35.99
321608,$299.99
281946,$42.95
122298,$26.95
82168,$49.55
169426,$48.98
362452,$51.99
215840,$14.23
167270,-1
195528,-1
326933,$46.95
167400,$49.95
11,$25.99
45986,$99.99
12995,-1
231484,$39.99
72991,$99.00
159675,-1
171662,$38.98
154809,-1
242804,$69.99
195314,$20.30
143175,-1
240,-1
103886,-1
624,$31.97
123499,$154.99
283393,$49.00
192153,$39.99
276182,-1
267127,$24.99
266967,$29.81
269603,$39.99
283619,$39.99
915,-1
191894,-1
123570,-1
112138,$79.99
228341,$54.00
156546,$24.99
166669,$29.99
699,-1
157526,$24.26
180680,-1
175199,$12.35
175155,-1
273703,$164.99
216600,-1
34887,-1
243430,-1
21763,$32.61
30618,-1
264647,$27.99
66356,$49.45
24773,-1
367498,$26.96
17329,$24.99
57660,-1
306735,$29.99
1544,$58.90
215341,$99.99
223953,-1
176920,$35.99
66056,$21.17
228660,-1
313010,-1
115746,$82.95
38453,$58.09
171011,$115.00
100423,$24.99
54137,-1
48726,$96.75
264220,$116.95
326934,$40.95
208024,-1
290484,-1
138233,-1
181345,$26.11
328871,$27.99
939,-1
205637,$27.26
198928,$45.55
318182,$41.56
31563,$449.99
256788,-1
70323,$37.94
218603,$39.99
127023,-1
164949,-1
380607,$71.95
41066,-1
139771,$39.99
237,-1
288513,$16.59
157413,-1
162007,$49.88
221318,$50.54
226320,$50.00
296345,-1
39684,-1
156858,$59.95
18745,$84.99
93,-1
199,-1
257769,$21.94
263918,$24.99
140603,$79.99
232414,$54.70
297562,$90.00
10630,-1
297129,$20.57
160902,-1
266524,$49.99
277927,$44.00
285984,-1
164338,$44.95
294612,$32.99
331050,$22.02
24742,-1
163745,$95.99
134253,$24.27
251551,-1
159109,$79.03
341169,$50.00
188866,-1
103343,$51.43
61487,-1
232043,$26.09
194879,-1
245487,-1
252399,$43.48
253284,$16.69
279613,$34.50
206803,-1
202977,$44.99
592,-1
13,$47.97
101785,-1
96848,$64.41
131357,$13.99
432,-1
331787,$35.00
140933,$28.99
235375,$23.00
2655,$38.96
239464,-1
69789,-1
181819,$50.35
171623,-1
155426,-1
154203,$23.95
35815,-1
330608,$48.00
244916,$36.30
157096,$59.90
254192,$24.99
198830,-1
329845,$21.83
143185,-1
220792,$199.95
19600,-1
32125,-1
248158,-1
276042,-1
65564,$76.27
262215,$61.97
281442,$32.95
196202,$195.00
194690,$34.44
343562,$29.99
27627,-1
68448,$49.99
161970,$59.95
8217,$29.99
271088,$39.95
71,-1
73171,-1
35052,-1
103885,$64.44
211716,-1
12,$49.99
32412,-1
1829,$139.98
11825,-1
90137,-1
207336,-1
394,$31.10
31260,$60.73
271518,$29.99
293889,$41.14
4390,-1
307305,$39.99
180592,$24.99
128271,$64.99
285967,$69.97
119432,$149.99
22345,-1
345868,-1
146886,-1
47,-1
102794,$75.99
181530,-1
316858,$43.65
230305,-1
38862,$108.99
223750,-1
28720,$67.97
44163,$42.38
340677,$57.19
240567,$46.26
128442,$87.89
681,$33.33
215842,$13.99
15818,-1
120523,-1
174973,$21.22
213266,-1
244608,-1
271529,-1
180899,-1
148943,-1
106662,$34.15
248065,$109.42
123607,$168.00
220877,$46.51
181524,-1
181687,-1
347703,$39.90
309630,$47.99
26990,-1
163413,$59.99
