,1,2,3,4,5,6,7,8,9,10
337765,3,5,7,24,103,332,748,"1,318",357,109
205597,6,21,49,139,306,949,"1,315","1,273",324,131
2346,14,20,27,71,191,619,"1,396","1,744",609,285
274960,15,26,60,220,723,"3,184","6,087","5,724","1,080",399
153065,5,16,29,106,270,"1,111","1,690","1,334",272,96
161882,6,10,23,55,143,462,947,"1,209",251,66
5716,13,38,83,184,486,"1,665","2,026","1,264",178,70
40270,12,16,58,131,251,643,824,701,253,134
372,21,22,42,122,362,"1,629","3,381","3,838",995,400
66589,24,14,30,87,247,"1,028","2,334","3,889","1,104",311
123123,19,21,28,47,119,365,537,976,553,581
1115,113,161,309,675,"1,168","2,337","2,245","1,890",892,905
284108,6,13,18,40,110,468,758,825,216,90
149951,2,5,14,16,44,147,248,491,220,128
174785,9,12,24,75,124,557,886,"1,529",574,248
42,86,117,221,488,945,"3,134","5,632","9,752","4,691","3,097"
240271,1,2,5,7,10,28,77,242,286,297
96007,5,8,15,21,50,183,315,412,178,115
259081,14,20,53,88,127,421,640,652,150,70
193738,102,77,165,305,683,"2,097","4,718","14,461","999,999","6,010"
340325,2,6,18,24,56,182,286,605,266,134
31105,6,14,36,102,262,997,"1,028",604,110,49
281259,39,27,77,170,487,"1,840","4,053","8,461","2,926","1,404"
21348,26,23,50,111,317,"1,137","2,647","3,517",918,362
242639,7,23,52,120,251,952,"1,737","2,123",529,166
171273,11,34,66,192,430,"1,908","2,737","2,451",511,159
266507,39,22,38,62,132,350,669,"2,200","2,421","2,502"
22545,27,26,78,178,369,"1,261","2,392","3,900","1,374",608
494,16,28,84,213,415,"1,340","1,411",920,238,79
244513,3,3,6,21,84,327,554,536,106,65
4396,8,15,37,133,346,"1,117","1,200",804,117,44
199383,1,6,20,39,106,358,683,815,173,40
66505,9,18,50,122,248,"1,041","1,634","1,572",270,89
22877,9,8,19,30,39,112,185,366,331,170
3076,212,183,412,678,"1,608","999,999","999,999","25,088","14,178","8,733"
195539,19,21,53,127,246,820,"1,746","3,007",975,381
122842,3,10,31,58,98,296,391,573,157,85
62219,71,101,205,340,624,"1,983","3,413","7,310","4,051","2,516"
299684,1,7,21,43,96,402,821,"1,377",306,116
1345,20,51,80,179,366,"1,103","1,758","1,901",499,168
72321,9,19,37,106,261,"1,171","1,978","2,243",418,113
46396,10,7,25,43,97,386,529,566,150,68
144041,2,19,32,77,128,403,527,701,188,78
148729,9,7,18,39,100,409,909,"1,374",373,108
230933,9,17,51,96,192,595,983,"1,233",304,86
75165,4,10,15,56,97,320,526,706,183,59
365104,1,2,4,10,42,201,435,512,82,41
310873,14,15,21,54,114,461,"1,052","3,143","1,774",672
193558,7,17,40,86,218,796,"1,388","1,857",470,169
179460,1,3,24,23,64,222,394,683,205,80
216092,19,15,23,51,119,513,931,991,246,66
295895,6,6,19,26,68,188,383,"1,124",638,291
284818,7,11,16,29,88,339,690,"1,145",334,100
295293,5,10,18,31,65,168,287,684,290,169
185589,3,13,27,62,169,600,"1,103","1,254",246,75
165872,4,5,13,23,45,115,260,600,283,122
206051,3,19,37,88,212,813,"1,179","1,176",263,101
233961,6,12,26,92,242,"1,023","1,559","1,183",178,107
72225,27,32,54,106,224,645,994,"1,350",349,119
254386,8,13,27,94,182,598,"1,131","1,554",408,135
286096,136,136,317,497,808,"2,242","3,842","6,666","2,839","1,426"
37380,23,50,94,285,749,"2,852","4,335","3,111",430,101
38545,2,9,30,69,170,602,784,611,161,78
231696,5,8,27,78,195,729,840,548,98,57
160851,18,28,68,248,734,"2,800","3,964","2,657",467,190
146439,19,18,35,81,204,604,"1,381","2,462",977,494
41863,11,19,49,98,202,652,755,596,181,170
244271,8,8,15,42,100,275,657,"1,518",868,669
285905,7,3,5,7,14,46,96,259,250,189
318983,1,3,11,28,85,240,516,860,258,90
4098,64,64,99,198,304,"1,047","1,791","3,566","2,121","1,531"
77423,64,87,243,440,"1,005","3,006","4,727","7,404","3,781","2,999"
193728,5,3,16,15,44,81,144,319,261,138
209010,69,45,57,154,346,"1,291","2,714","6,641","3,636","2,031"
127398,56,106,301,498,"1,050","3,288","5,034","5,632","1,751",767
281549,6,8,25,31,64,182,335,639,296,182
27746,8,23,69,176,412,"999,999","2,672","3,050",733,249
254708,2,9,5,15,39,85,170,512,381,263
191597,2,1,26,33,90,360,686,795,209,93
350205,3,4,10,13,27,70,131,328,253,111
157809,13,15,63,146,363,"1,162","1,830","1,629",288,80
199792,78,103,196,358,877,"3,322","7,520","19,040","10,335","6,116"
154825,6,12,26,46,79,241,374,890,502,270
83330,46,91,221,377,764,"2,121","3,277","4,125","1,651",873
1897,12,39,101,200,408,"1,252","1,579","1,255",317,131
34635,72,104,245,629,"1,590","6,123","13,226","20,565","6,248","2,628"
129051,4,16,43,102,265,893,"1,170",994,104,45
218804,3,7,18,45,108,373,528,625,170,62
311715,0,2,10,15,52,215,395,692,237,112
85325,9,24,74,146,331,"1,003","1,134",695,185,88
295607,0,5,19,22,70,310,765,995,222,94
142992,6,20,36,108,242,884,"1,112",939,201,62
297486,2,9,13,29,77,269,555,643,116,34
192074,6,6,13,66,192,911,"1,376","1,000",226,65
183006,1,2,14,46,169,798,"1,248",875,150,57
214396,1,6,20,40,128,546,842,709,127,78
142852,4,9,13,29,79,295,536,617,200,134
33160,22,17,52,142,348,"1,259","2,593","3,817",971,266
298638,6,8,9,42,57,314,605,698,207,75
1353,34,46,89,154,290,934,"1,324","1,718",680,453
45,52,72,165,440,"1,040","3,530","4,469","3,454",971,497
198487,2,3,7,19,51,199,419,430,141,89
254591,3,8,14,39,99,351,642,834,181,84
35677,108,97,208,423,837,"2,654","999,999","11,740","6,087","999,999"
271055,20,24,52,65,125,388,640,"1,868","1,426","1,134"
244521,57,"999,999",191,409,907,"3,498","8,750","19,180","7,716","3,591"
301880,8,6,23,40,91,373,930,"2,305",711,305
9823,27,18,20,39,82,222,441,856,569,352
224517,304,99,190,229,439,"1,322","3,042","10,649","12,209","12,175"
38765,5,8,25,57,115,370,462,531,133,45
274364,19,10,42,92,198,817,"2,191","5,005","1,824",606
214484,0,7,9,21,40,121,196,364,208,128
47185,31,23,55,133,330,"1,095","1,537","1,808",622,356
294484,11,7,28,35,101,430,996,"2,569","1,251",732
255692,3,5,23,34,131,488,941,"1,413",378,134
811,49,118,284,944,"2,223","5,667","4,470","2,483",694,450
17223,37,95,157,312,526,"1,285","1,426","1,237",398,299
258444,3,2,18,48,119,539,992,742,101,32
254,6,16,31,24,56,158,256,345,222,196
198454,11,25,62,123,348,"1,186","1,672","1,480",349,129
188547,5,5,15,29,76,279,546,769,291,148
229220,14,14,28,73,206,757,"1,743","2,904",730,220
319910,3,4,5,7,22,67,167,492,329,135
310192,1,2,14,23,68,269,535,689,139,95
15512,25,78,185,516,"1,499","5,547","7,023","4,915",855,302
248490,10,8,23,49,120,467,896,"1,744",519,229
1499,11,15,22,41,83,181,254,328,237,270
350736,0,1,3,6,26,192,423,565,123,55
191977,16,35,74,166,406,"1,363","2,134","2,042",352,108
27833,31,35,65,143,330,"1,224","2,308","3,882","1,524",583
266164,2,5,8,17,53,262,557,982,363,149
98351,9,22,37,96,245,770,"1,166","1,426",340,142
290359,8,7,15,35,69,245,579,"1,473",606,254
75358,5,16,31,103,284,866,909,673,98,27
281655,12,8,18,26,31,66,118,349,347,490
70149,47,24,65,149,307,"1,117","2,174","4,317","1,813",774
349067,4,3,2,12,18,62,162,587,489,439
246784,16,39,88,206,483,"1,673","3,303","5,291","1,559",567
332321,3,6,10,48,89,417,611,585,107,80
323612,18,13,33,43,114,394,762,"2,140",926,458
8051,10,27,57,148,382,"1,345","2,219","1,877",354,133
251661,29,8,13,10,30,61,104,337,595,"1,469"
206084,2,6,6,17,56,294,514,521,101,58
330174,0,0,6,11,49,244,460,500,71,25
135382,24,36,81,139,218,619,862,"1,011",440,224
351526,4,8,16,28,68,240,382,798,227,95
291572,29,59,118,164,248,557,826,"1,733","1,276","1,094"
12002,14,23,69,188,475,"1,742","2,762","2,387",440,169
180040,2,5,24,58,164,714,"1,046",889,158,48
33604,16,31,69,229,591,"1,663","1,777","1,381",286,109
113636,2,1,7,40,94,331,588,521,113,18
102548,20,66,121,248,469,"1,628","1,889","1,646",383,186
122522,70,221,523,"1,252","2,410","6,790","7,450","5,647","1,501",852
29603,10,1,9,21,25,77,222,592,544,312
34219,15,39,101,271,728,"3,026","5,573","5,935","999,999",424
172385,5,3,13,39,108,380,732,802,"999,999",37
331106,46,17,38,50,62,164,284,841,692,705
318546,5,2,0,5,11,88,169,342,186,148
118048,24,23,69,163,477,"2,142","5,522","10,039","2,722",874
244536,13,25,74,130,330,"1,114","1,602","1,371",333,159
182631,21,9,13,42,138,652,"1,804","3,287","1,213",659
326945,1,2,2,2,8,36,98,416,285,171
2808,4,2,12,31,90,243,418,443,187,99
100901,24,59,191,441,"1,128","4,370","7,329","7,678","1,783",691
246192,9,12,54,139,348,"1,594","3,480","4,651","1,011",378
171131,58,74,176,286,714,"2,645","4,697","7,593","2,874","1,262"
283317,3,11,22,36,57,163,260,463,254,151
183880,9,27,25,79,214,904,"1,423","1,224",211,84
40765,18,20,46,104,210,684,"1,216","2,122",846,441
63628,16,32,58,163,398,"1,453","2,661","3,766",928,327
137408,11,12,30,81,229,764,"1,601","2,485",668,213
13884,5,23,54,114,171,491,638,732,223,98
291845,1,4,12,23,66,273,660,"1,263",328,121
9446,10,48,111,262,620,"1,438","1,500","1,232",349,170
102435,0,3,2,12,26,99,156,394,239,105
85005,3,13,39,84,196,654,823,633,108,49
253608,1,5,11,13,55,120,300,658,270,86
58936,5,8,18,33,67,207,383,512,185,84
5206,9,17,45,75,260,663,825,622,240,158
189932,10,8,24,66,168,619,"1,538","3,513","1,620",718
209778,61,108,221,549,"1,186","4,400","6,470","5,663","1,328",472
245422,5,7,4,26,48,215,458,685,221,109
227515,3,3,6,25,76,329,730,"1,163",210,66
111417,3,4,20,70,178,630,895,632,99,37
92319,3,5,33,67,198,601,867,731,132,46
194517,16,8,18,42,83,222,381,843,355,243
256382,41,94,329,616,"1,132","3,879","5,397","5,009","1,274",742
306882,3,0,5,9,29,137,381,523,144,70
31497,3,10,48,85,266,880,"1,163",789,124,33
325494,21,12,11,14,27,81,166,431,695,924
146312,4,7,17,61,187,757,"1,267","1,130",258,124
229265,1,9,12,31,79,271,496,939,231,96
41002,12,22,46,96,197,690,"1,292","1,660",373,117
105037,2,7,33,77,228,676,993,951,175,51
190082,5,4,23,23,121,425,932,"1,592",468,173
224597,10,13,31,45,119,313,601,932,493,293
37628,7,16,56,114,311,904,"1,284","1,242",298,120
36522,6,8,22,47,120,458,660,531,83,35
316554,"999,999",62,143,221,472,"1,582","3,753","12,472","11,134","7,661"
192945,0,3,7,27,73,318,596,505,92,23
356123,5,16,27,48,89,346,671,"1,454",694,397
245931,4,0,20,28,70,262,400,516,109,51
169654,31,82,157,410,860,"3,709","5,126","3,886",840,357
37907,3,2,5,32,90,349,650,558,84,16
300531,17,28,47,99,285,968,"2,104","4,429","1,681",701
14996,78,"999,999","999,999",664,"1,996","8,754","20,494","28,183","8,347","3,660"
128671,27,63,97,193,391,"1,156","1,874","2,825","1,199",732
38863,3,4,14,37,89,426,639,697,126,41
178336,4,6,21,62,175,699,"1,265","1,316",246,83
3072,5,8,23,43,105,"999,999","999,999",508,214,150
315610,34,7,10,18,43,106,237,807,532,329
195544,8,11,36,99,269,"1,101","1,467",855,135,34
310448,2,4,5,12,38,181,339,607,226,134
270970,5,10,13,59,140,614,"1,547","1,783",364,129
196526,5,7,15,41,113,476,873,"1,230",330,95
311193,3,7,26,49,141,526,"1,268","2,837",984,329
26566,11,9,26,71,181,624,"1,150","1,471",263,83
16267,5,14,39,100,261,"1,021","1,167",638,90,34
329839,5,8,15,59,152,699,"1,485","2,564",769,272
9217,35,57,126,315,693,"2,389","4,550","5,582","1,466",578
134352,39,49,106,219,371,984,"1,280","1,396",500,281
72287,15,31,61,208,529,"2,304","2,906","2,012",362,138
5404,21,17,54,133,348,"1,390","2,800","3,316",800,263
551,8,11,27,86,203,678,"1,027","1,030",297,159
230080,7,12,44,122,346,"1,425","2,265","1,721",241,76
303672,4,8,23,54,175,533,634,554,113,43
136888,29,29,87,168,393,"1,481","2,966","4,660","1,207",456
290236,10,17,68,153,421,"1,630","3,001","3,662",836,394
257499,29,56,103,160,301,869,"1,588","3,023","1,566",891
105,9,31,64,212,552,"1,946","2,465","1,582",285,99
272533,4,8,27,40,95,300,503,680,259,129
67239,9,13,"999,999","999,999","999,999","999,999","999,999",609,134,"999,999"
186751,15,8,20,38,70,171,340,821,768,805
97903,8,40,87,214,467,"1,993","2,366","1,871",342,120
244228,12,14,44,179,"999,999","999,999","3,103","2,800",417,176
159503,2,23,32,73,"999,999",613,967,"999,999",266,93
254713,1,13,14,30,79,342,583,791,157,51
347013,5,5,14,48,117,410,744,658,89,24
127997,3,3,10,55,207,686,788,546,91,32
137297,11,45,94,255,603,"2,159","2,794","1,860",263,80
245654,11,30,58,183,520,"2,216","4,029","3,925",877,350
344554,3,6,11,22,36,149,299,456,150,58
3228,6,5,18,61,156,626,839,732,144,35
113873,5,9,16,22,52,185,326,634,314,166
318472,3,2,1,3,12,32,76,212,218,202
193214,16,19,57,153,273,"1,118","1,790","1,708",339,156
175549,4,13,27,72,155,440,637,580,198,131
204472,12,19,45,78,250,709,"1,210","1,731",559,295
126792,11,10,42,109,258,871,"1,569","1,955",479,198
163839,21,46,66,92,166,431,536,"1,141",645,487
91312,12,50,82,218,500,"1,777","3,005","3,151",935,545
306881,3,3,9,12,59,242,680,"1,115",378,128
245476,11,18,76,154,395,"1,441","2,077","1,696",322,134
298383,10,11,26,51,80,313,652,"1,398",484,157
202426,23,22,62,79,157,474,749,"1,438",812,646
155873,15,9,16,31,82,277,762,"1,834",889,418
17405,14,5,19,36,55,213,453,"1,114",625,291
188920,59,60,129,215,425,"1,184","2,126","4,252","2,367","1,512"
359438,9,4,4,10,24,75,203,769,445,160
2398,31,58,109,322,751,"2,019","2,611","2,223",876,758
1032,9,11,31,64,167,402,497,493,197,166
221965,20,36,116,255,725,"2,620","4,781","4,625",966,327
221194,31,46,125,207,559,"1,688","3,390","6,286","2,245",954
113401,12,12,34,86,333,"1,477","1,726",952,163,81
181810,7,17,57,161,519,"1,705","1,927","1,089",205,84
248125,17,11,15,25,42,151,282,500,215,128
303551,2,1,2,2,16,33,107,269,197,103
156091,7,12,21,59,140,495,759,"1,014",275,120
87890,12,16,39,"999,999",194,640,"1,181","1,873",445,176
2122,10,18,52,101,183,427,500,525,282,319
138649,11,5,9,27,78,232,359,456,147,87
244711,14,8,39,82,180,690,"1,493","2,992",785,262
142379,14,22,44,85,171,592,"1,124","1,932",718,278
300753,5,4,15,53,120,492,862,999,261,100
247236,4,14,36,89,163,641,"1,027","1,023",223,77
98,29,141,283,526,"1,183","3,189","2,703","1,886",593,434
165950,2,9,24,94,302,"1,175","1,341",881,156,74
117915,12,24,58,87,184,492,850,"1,390",458,210
21920,5,22,58,120,283,840,"1,114",820,131,42
58421,12,9,26,75,167,709,"1,595","2,139",522,177
25669,26,70,156,557,"1,492","5,403","999,999","3,981",784,382
284777,0,1,4,7,20,118,321,797,404,271
242574,6,17,36,91,293,"1,380","2,487","2,319",394,156
291457,195,99,162,236,437,"1,347","2,754","8,182","8,765","8,338"
317457,6,12,36,61,117,430,773,"1,372",361,132
304051,6,11,33,41,141,478,989,"1,690",472,218
167791,257,202,498,"999,999","999,999","4,971","999,999","999,999","999,999","21,314"
172081,9,21,54,120,338,"1,476","3,049","999,999","1,176",418
168584,13,20,38,89,219,945,"1,747","1,766",493,244
182134,16,19,44,113,250,967,"1,977","2,971",940,444
268012,9,13,5,6,13,37,72,191,214,272
160010,21,16,51,105,197,511,842,"1,488",784,493
224783,11,11,58,105,227,664,"1,086","2,556","1,308",662
234,31,21,36,85,160,436,926,"1,758",945,566
166226,2,5,13,40,101,433,758,807,127,51
302388,6,7,14,42,101,449,752,891,204,105
302524,3,11,33,64,142,522,830,937,231,72
278,37,94,255,551,"1,191","3,693","4,093","2,998",722,285
365717,6,2,6,9,37,129,311,"1,312",951,454
364011,3,2,6,8,26,99,204,810,754,528
286751,18,6,17,21,53,193,450,"1,245",617,387
225167,7,29,42,57,89,241,274,450,254,268
19777,15,21,44,79,131,395,751,"1,510",994,604
17133,40,45,61,167,351,"1,272","2,655","4,834","1,995",863
332772,5,4,10,28,53,179,441,"1,548","1,025",436
22,11,34,59,98,146,339,387,440,255,347
256226,18,23,70,138,479,"1,906","3,912","4,745","1,043",414
197070,30,40,91,161,291,807,"1,117","1,375",488,287
266966,1,2,8,25,40,164,324,512,150,101
272739,4,7,19,36,72,254,504,993,409,139
18833,21,21,38,83,214,821,"1,604","2,329",739,384
354934,3,0,3,0,9,41,112,458,308,135
293296,10,2,11,23,84,398,"1,104","1,636",454,227
168998,5,6,14,23,87,256,404,412,127,71
272453,13,18,29,64,126,395,671,710,254,161
171668,17,44,148,305,693,"2,627","4,314","4,695","1,060",409
223855,2,5,14,55,121,421,739,935,182,59
127518,5,5,13,24,41,140,314,681,355,152
193037,21,31,84,166,350,"1,161","2,203","3,593","1,359",650
41916,6,8,46,140,415,"1,697","1,967","1,230",250,131
154246,6,12,50,126,366,"1,343","1,850","1,520",190,57
158435,4,6,15,49,98,395,793,"1,252",381,174
148228,104,"999,999",458,"1,094","2,922","10,564","999,999","27,220","8,582","3,878"
2093,23,68,93,278,614,"1,567","1,854","1,539",674,642
235488,7,5,22,69,207,798,"1,543","1,508",253,115
260180,6,7,23,56,215,947,"2,107","3,128",716,296
253499,7,10,41,68,143,539,907,"1,439",412,113
205059,124,153,275,497,943,"2,787","5,154","11,807","7,707","4,929"
346703,29,66,142,257,507,"1,421","2,383","2,596",657,265
204027,8,13,77,207,549,"2,048","2,909","999,999",353,129
140620,29,"999,999",111,232,546,"1,889","3,790","6,115","1,828",619
244995,5,13,36,113,312,"1,416","1,584",917,163,53
192457,26,26,79,174,413,"1,190","1,814","2,155",619,248
155362,32,76,157,407,"1,027","3,724","4,848","3,820",651,233
41010,5,16,50,164,396,"1,160","1,331",749,169,77
241266,3,5,14,"999,999",160,653,"1,249","999,999",220,104
85256,18,27,61,202,"999,999","2,601","2,870","1,461",272,"999,999"
307002,10,7,16,45,"999,999",561,"1,188","1,668",484,211
261594,4,4,8,12,30,85,197,368,198,76
334590,0,0,1,3,10,51,178,"999,999","999,999","999,999"
123260,43,71,"999,999",307,819,"3,151","6,278","9,901","2,959","1,026"
257614,17,10,22,"999,999",240,913,"1,396","1,087",174,90
366161,13,5,3,15,38,101,382,"1,441",930,620
521,132,67,101,229,476,"1,367","2,642","5,155","3,238","3,311"
71721,28,"999,999",159,353,815,"2,812","3,964","3,705",915,414
259374,3,4,7,33,68,283,445,499,91,29
350458,3,5,5,23,47,165,312,484,167,95
129622,128,228,507,"1,289","3,248","11,676","19,936","19,821","5,982","3,050"
265188,11,8,14,49,135,507,"1,298","3,516","1,404",549
1540,10,17,55,139,239,764,906,815,361,273
318184,12,22,56,83,191,541,"1,009","2,193","1,061",442
2651,131,151,342,734,"999,999","5,636","12,559","24,849","11,810","5,909"
335609,3,8,18,63,129,449,807,750,156,66
146021,128,171,360,641,"1,182","3,630","6,374","11,937","6,662","4,171"
184267,50,39,94,142,256,736,"1,281","3,535","3,007","2,330"
132372,4,18,40,101,287,980,"1,281","1,157",199,58
232988,10,16,41,99,252,924,"1,321","1,005",184,73
25613,187,132,219,326,625,"1,726","2,989","5,882","3,955","3,113"
150145,10,24,52,126,300,"1,124","2,313","2,974","1,064",580
133848,35,55,114,275,557,"1,706","2,881","3,672",961,393
192291,31,35,101,327,984,"4,577","9,900","12,482","2,959","1,186"
168681,3,9,27,57,164,545,672,565,89,34
179303,10,15,54,129,288,833,975,662,167,58
244918,8,11,22,43,115,418,788,740,158,82
332386,2,10,27,53,161,566,990,"1,044",199,79
345584,8,23,17,48,103,369,827,"1,709",693,395
262712,39,67,125,229,677,"2,216","4,248","7,839","3,189","1,594"
183562,24,7,16,44,81,307,671,"1,071",550,323
241831,8,15,51,107,297,914,"1,122",779,128,40
194626,35,61,111,217,460,"1,431","1,365","1,092",322,206
236457,37,32,98,252,586,"2,372","5,464","12,550","4,194","1,547"
162886,128,131,337,510,921,"2,970","5,084","12,805","11,203","12,178"
247367,4,10,19,49,172,748,"1,609","2,363",560,218
173346,91,118,241,"999,999","1,205","5,035","13,680","36,501","20,290","9,952"
166857,2,1,5,22,51,216,431,598,171,83
256952,7,7,16,41,118,515,"1,141","1,674",642,361
165986,3,4,18,44,131,481,816,949,177,60
299960,12,6,17,45,109,369,657,"1,113",256,115
216428,4,2,11,39,117,413,631,525,86,51
27162,33,60,141,347,918,"3,286","6,049","6,850","1,364",443
154086,2,3,10,48,92,482,877,"1,218",218,75
21441,6,9,29,102,271,932,"1,395","1,059",125,33
338760,3,11,19,23,45,139,269,741,378,138
2955,4,12,33,75,225,956,"1,863","2,010",450,142
293014,9,14,39,119,273,"1,254","2,901","5,408","1,524",496
7805,7,28,94,289,694,"2,348","2,691","1,658",260,102
986,5,20,52,170,369,"1,134","1,269",831,146,53
71074,7,8,22,49,115,429,611,597,109,42
25643,7,5,26,109,276,991,"1,450","1,215",169,47
204,11,10,34,82,214,660,859,805,187,63
176371,3,3,15,40,107,502,888,"1,094",247,90
146418,7,9,33,60,135,403,539,525,177,116
183251,6,12,28,136,441,"1,954","3,722","3,498",667,208
233867,34,"999,999",76,247,699,"3,103","7,864","12,322","3,293","1,115"
293678,0,3,5,8,42,185,386,522,108,46
176544,2,1,4,24,97,349,760,"1,037",147,49
218121,15,17,49,109,269,"1,046","1,911","2,057",372,142
20542,17,6,8,11,20,53,169,360,259,185
40793,14,35,87,224,487,"1,770","2,448","2,076",314,98
257527,4,13,20,76,163,649,913,756,176,76
9674,24,39,94,280,802,"3,419","5,660","5,171","1,039",393
297978,24,20,57,137,311,"1,099","1,501","1,230",192,84
258210,7,6,15,35,101,515,"1,262","2,357",585,202
73,4,5,22,53,95,376,573,521,95,47
94362,8,17,54,153,391,"1,105","1,290","1,055",241,107
150,23,41,73,216,503,"1,832","3,097","3,436","1,066",473
12495,8,15,35,101,196,595,981,978,193,71
327711,3,6,16,49,91,330,603,900,212,83
171669,2,16,38,84,243,"1,008","1,652","1,543",223,72
329873,0,0,1,4,12,86,306,567,176,64
287954,17,22,42,124,330,"1,316","3,474","6,384","1,858",738
283355,29,43,59,114,241,709,"1,187","2,302","1,555","1,347"
40628,7,14,49,123,375,"1,434","2,558","2,214",379,152
199561,37,44,136,368,"1,112","4,656","11,023","15,364","4,039","1,547"
232,6,12,22,81,186,518,735,536,145,59
172287,26,36,"999,999",157,440,"1,619","999,999","7,332","2,598","1,189"
528,8,17,34,93,187,728,"1,219","1,344",433,198
329082,14,14,39,74,197,590,"1,377","3,358","1,578",785
182340,3,8,13,28,51,181,348,591,410,205
315767,5,0,6,17,55,272,784,"1,594",532,244
146278,16,55,117,197,417,"1,238","1,729","2,103",730,367
2653,19,45,"999,999",316,939,"4,133","7,701","8,757","2,112",975
143404,4,8,12,51,116,499,713,489,93,41
295770,219,49,43,37,53,82,140,460,964,"3,117"
54625,157,49,69,110,263,831,"1,465","2,176","1,076",876
148319,21,35,72,136,246,795,"1,062","1,368",483,263
310100,20,8,32,33,63,190,376,"1,239","1,183",956
270673,6,9,22,85,273,"1,273","2,546","2,643",444,158
54138,29,28,66,122,213,709,"1,267","2,495","1,160",556
188,110,115,250,496,"1,045","2,386","3,090","3,437","1,871","3,972"
143986,26,51,114,254,571,"1,811","2,023","1,235",224,80
282524,19,9,31,105,305,"1,437","3,628","6,433","1,973",773
163068,19,25,73,108,275,887,"1,502","3,648","2,036","1,421"
318553,3,2,13,14,48,245,609,"1,016",257,85
274638,6,9,18,9,55,229,712,"1,552",609,391
233078,140,126,152,229,350,"1,071","1,762","4,362","5,249","8,227"
252446,0,1,10,12,48,210,421,520,123,41
363247,0,1,4,1,18,54,236,546,183,103
10,14,32,106,321,719,"2,440","2,973","1,768",334,100
260605,18,14,25,80,243,"1,207","2,839","4,440","1,287",550
276830,2,10,26,55,134,420,597,745,137,79
217398,4,9,12,24,59,211,360,613,191,70
46,8,28,64,136,408,"1,432","2,559","2,537",622,244
203420,44,54,96,119,396,"1,323","2,898","4,300","1,425",392
297030,14,18,32,70,141,477,"1,012","2,359",915,351
194607,17,23,98,217,583,"1,881","3,171","3,910","1,117",435
37046,66,119,227,490,936,"3,323","5,418","7,334","2,096",986
351040,8,6,18,33,72,265,529,"1,092",410,166
105551,42,48,125,230,430,"1,197","1,887","2,611","1,072",472
195137,2,9,23,43,108,402,682,"1,052",362,175
65781,23,16,43,108,253,913,"1,784","2,584",644,170
221107,140,134,153,236,458,"1,140","2,222","4,666","3,834","999,999"
299121,7,3,4,12,32,86,174,508,286,141
302723,15,20,46,54,149,477,907,"2,135","1,135",537
182189,5,12,27,89,251,856,999,722,115,47
21790,20,54,136,335,948,"3,681","6,872","6,173","1,153",346
198773,38,46,140,418,"1,000","3,894","6,707","6,815","1,835",702
340,9,20,50,144,354,"1,106","1,134",629,168,59
8125,11,17,33,99,250,973,"1,638","1,740",368,114
38823,12,4,12,27,46,139,299,542,264,138
126042,37,47,89,213,418,"1,377","2,496","999,999","1,946",833
168917,9,6,28,68,161,660,"1,120","1,002",325,185
150312,26,73,183,503,"1,256","4,397","4,636","2,431",293,112
42215,9,24,76,230,580,"2,307","3,908","3,835",687,242
156566,8,18,69,129,331,"1,140","1,876","1,981",405,145
15511,5,10,40,96,245,880,"1,017",678,128,52
370591,4,8,27,32,73,194,424,863,398,175
291508,6,8,22,22,122,425,988,"1,265",250,101
298102,1,3,7,19,49,217,420,664,220,96
104162,57,111,218,443,955,"3,029","5,198","8,530","3,980","2,426"
50,72,138,301,719,"2,063","7,575","14,032","14,420","3,833","1,484"
35503,6,15,51,88,204,613,787,647,130,42
151007,11,20,26,72,157,411,633,814,330,172
169255,16,21,52,118,242,666,"1,047","1,457",692,518
271319,3,3,11,18,60,253,639,861,204,74
37358,4,12,28,57,139,390,542,600,110,48
267813,1,14,32,60,149,530,757,667,145,59
90040,4,3,18,46,153,602,848,726,84,19
314491,5,15,35,70,193,771,"1,658","3,795","1,379",573
208895,7,18,41,98,302,"1,043","1,267",755,116,52
205359,29,30,53,117,266,765,"1,220","1,647",737,515
218421,8,4,9,15,39,109,191,456,306,198
298047,43,19,51,112,250,"1,036","2,141","3,453","1,191",749
206480,6,8,20,23,40,152,242,736,716,446
251678,6,12,40,109,317,"1,306","2,274","1,997",414,138
169794,2,7,9,24,96,308,595,712,148,40
165948,0,2,12,23,63,299,589,621,90,26
268620,9,12,48,120,323,"1,322","1,676","1,063",209,94
181796,1,8,18,43,107,391,762,"1,034",232,61
325698,2,5,11,29,98,362,673,650,91,24
224710,16,21,38,63,114,386,865,"1,450",657,415
253759,3,9,21,48,90,290,461,648,204,81
24181,35,55,60,186,337,971,"1,817","3,074","1,367",792
159508,16,20,76,166,370,"1,122","1,889","2,723",701,206
162082,13,17,52,140,380,"1,344","2,537","3,339",742,219
230244,10,27,61,105,252,711,"1,086","1,643",520,178
300010,1,3,14,32,113,393,573,489,118,67
253684,3,6,9,32,82,329,547,509,94,26
342857,1,2,5,11,17,141,371,518,144,44
318084,11,11,37,87,289,"1,149","2,519","4,025",820,229
214887,16,18,39,45,136,334,654,"1,249",517,209
200057,3,4,9,33,85,315,595,793,148,44
281194,12,8,11,24,69,325,674,913,211,97
310632,2,3,12,28,79,283,532,670,139,68
143741,52,101,272,694,"1,548","5,400","7,556","6,304","1,248",511
350184,21,38,80,136,269,787,"1,468","3,257","1,661",874
235014,9,8,14,21,62,200,340,519,181,92
244114,2,6,11,25,56,239,445,967,479,219
156009,20,31,100,269,756,"3,287","5,790","5,076","1,103",418
7480,4,6,17,49,85,225,394,598,180,82
284189,10,3,17,16,53,203,453,"1,113",556,391
2511,66,80,166,341,689,"2,403","4,255","7,329","3,490","1,838"
77130,37,77,184,396,770,"2,366","3,636","5,070","2,041","1,089"
15126,17,7,6,13,32,67,215,424,283,186
23540,1,2,11,20,29,101,237,643,342,118
269725,5,8,25,75,223,877,"1,042",624,92,44
242653,6,5,15,21,34,135,214,391,183,116
138161,41,68,171,"999,999",552,"1,682","2,756","3,755","1,483",993
56931,4,13,20,54,138,521,700,544,95,45
286537,3,4,12,25,59,208,374,601,151,59
3,26,24,66,178,483,"2,085","4,516","6,323","1,733",624
270633,5,3,6,7,24,82,216,746,788,577
38992,1,6,17,47,137,534,772,601,74,20
204583,34,39,134,426,"1,501","7,086","14,967","15,711","3,611","1,382"
193308,12,14,51,110,199,731,907,751,179,92
198994,16,31,76,180,535,"2,043","4,576","6,684","1,995",927
128667,9,24,56,166,326,"1,081","1,143",761,148,90
206940,5,4,10,34,107,417,766,560,106,51
73664,1,10,17,47,92,333,496,479,136,67
272380,2,1,8,14,57,236,451,655,209,106
124742,163,151,279,506,"1,141","3,083","4,927","8,370","5,402","5,564"
216459,6,9,54,120,368,"1,400","2,339","1,998",372,163
228372,1,4,11,27,55,183,349,571,118,33
161614,11,12,40,95,215,868,"1,792","2,800",737,295
121410,12,15,59,161,425,"1,482","1,962","1,524",251,67
215841,26,33,47,80,212,704,"1,175",936,224,77
8203,18,54,154,502,"1,640","6,628","7,381","4,047",556,199
67877,13,33,91,173,380,"1,269","1,243",959,242,103
246663,3,4,13,19,77,306,613,756,145,55
219101,1,0,9,14,17,97,216,582,288,90
37904,42,93,214,455,"1,096","4,107","6,142","5,331","1,203",539
355093,5,8,20,51,98,286,585,"1,602",550,212
221,9,22,55,126,349,"1,091","1,625","1,300",388,204
57925,3,10,28,60,207,798,"1,086",784,118,32
312251,6,18,25,55,116,356,582,706,182,61
30658,4,14,22,65,138,397,572,660,171,42
120677,163,161,311,567,"1,078","3,393","6,829","15,420","10,676","7,929"
285774,76,53,129,211,520,"1,563","2,975","7,047","4,980","3,976"
218333,1,14,25,78,208,895,"1,590","1,644",407,187
130176,2,8,18,68,180,889,"1,422","1,192",235,95
34194,5,2,8,51,125,554,929,697,105,39
153016,7,10,11,34,67,321,643,996,434,316
284083,93,90,188,337,902,"3,116","7,344","15,409","7,227","3,294"
54043,44,46,137,338,"1,182","6,009","14,391","20,049","4,842","1,767"
235555,3,7,12,17,33,109,142,390,225,125
234671,4,9,8,36,83,292,673,"1,160",361,127
483,127,259,374,522,912,"2,403","2,878","2,830","1,456","1,357"
146652,37,35,78,166,376,"1,220","2,531","5,049","2,363","1,110"
6205,12,9,15,38,68,155,256,430,193,122
245934,8,17,32,80,229,773,"1,823","3,235",815,247
55600,3,12,43,83,165,573,"1,002","1,538",460,131
12493,144,145,251,414,618,"1,987","3,150","5,616","3,749","3,124"
1198,69,152,299,704,"1,315","3,765","3,179","999,999",619,447
274841,4,10,19,55,165,513,832,646,108,79
145639,4,12,30,87,276,"1,047","1,319","1,141",292,152
332290,6,16,34,68,125,362,552,793,315,186
27225,44,107,241,638,"1,409","3,572","2,826","1,563",426,244
85897,14,20,31,45,127,394,689,931,334,133
229853,37,37,117,194,438,"1,507","3,246","7,955","3,750","1,622"
20100,21,67,122,387,992,"3,475","4,813","3,945",847,294
24800,20,15,20,60,128,361,710,"1,071",450,225
123540,53,135,337,711,"1,718","5,362","7,895","6,614","1,593",677
283294,1,0,10,18,52,284,617,793,143,46
904,13,22,36,113,246,"1,163","1,772","1,740",330,101
156714,12,31,42,97,202,403,500,565,253,224
229491,6,14,18,47,80,219,353,592,289,139
1107,2,20,31,86,203,703,822,"999,999",122,31
586,25,9,22,47,81,208,379,628,427,437
259298,0,0,7,8,39,128,321,603,118,46
319966,3,7,21,49,160,565,"1,310","2,675",794,319
18,117,217,376,771,"1,331","4,458","6,565","6,678","2,113","1,126"
701,5,9,22,52,109,390,631,576,131,84
177802,4,5,13,22,61,271,564,649,235,138
71836,12,51,106,217,619,"1,926","1,869","1,271",268,126
336794,5,13,27,52,95,433,984,"1,548",452,185
177524,14,28,124,284,785,"3,064","3,389","2,442",441,216
54998,28,55,146,312,723,"2,815","5,002","7,833","2,759","1,271"
309110,3,4,4,10,58,396,758,701,163,50
2507,7,9,22,90,144,500,764,863,238,75
223215,7,6,20,44,129,435,629,636,116,50
175293,4,6,13,43,114,507,780,575,89,37
243759,2,5,10,31,48,183,369,639,333,209
1915,7,18,32,79,127,321,407,494,256,249
38718,3,2,4,7,20,69,199,449,210,79
280480,4,8,15,47,132,356,691,"1,403",397,142
55427,8,8,18,64,137,652,"1,059","1,047",285,119
191862,19,30,71,213,651,"2,741","5,281","4,934",947,282
174078,3,9,32,68,193,734,881,648,79,49
128621,65,55,116,228,488,"1,605","2,963","4,922","1,867",847
128721,0,4,12,25,55,237,513,807,237,80
53093,4,14,19,48,97,301,504,664,276,192
5072,8,10,17,46,131,391,485,465,166,100
169427,27,15,16,22,43,101,151,410,659,887
150658,19,20,65,170,437,"1,730","3,147","3,732",857,297
65901,9,13,33,45,129,424,767,"1,110",357,100
143405,5,11,20,65,162,651,938,906,183,92
283864,5,2,12,31,109,567,"1,261","1,633",362,122
1231,6,22,54,154,335,"1,047","1,170",946,248,94
15363,19,25,61,155,393,"1,500","2,744","2,987",681,272
177678,6,6,16,42,130,411,802,"1,268",296,99
270844,14,18,52,103,289,918,"1,673","2,619",849,351
12902,15,5,27,77,219,728,"1,365","1,519",338,124
79828,40,69,81,181,358,983,"1,854","2,867","1,086",374
257501,68,71,177,350,728,"2,049","2,849","2,990","1,185",709
165838,7,1,11,20,41,161,331,618,330,267
131111,7,6,12,26,43,114,148,264,215,270
69779,9,18,29,63,105,266,470,819,378,196
63759,0,2,15,48,137,477,681,584,75,18
227224,8,7,15,72,194,773,"2,202","4,947","1,326",499
1634,13,16,26,56,135,387,565,648,343,336
9220,66,163,471,"1,235","2,998","9,989","9,591","999,999",987,460
335764,2,2,3,7,15,52,181,651,408,281
96913,14,11,31,106,252,958,"2,046","3,030",690,214
2065,9,9,21,57,108,291,434,414,232,235
21551,4,6,4,11,15,55,140,306,217,114
256606,1,1,6,24,68,383,799,805,198,100
233208,3,4,3,12,36,171,312,447,109,63
336382,9,4,6,21,34,153,416,"1,191",608,389
10093,26,71,148,293,551,"1,503","1,564","1,267",390,226
8098,81,147,303,680,"999,999","4,033","3,384","2,076",611,343
3097,1,3,8,8,15,43,122,280,224,120
442,6,10,31,74,194,605,742,530,122,48
180199,2,6,8,12,26,99,251,420,200,76
171499,3,19,37,123,"999,999","2,168","3,910","3,153",505,187
212402,17,37,65,139,315,"1,114","1,694","1,715",414,237
230253,8,4,8,29,62,313,947,"2,018",884,450
58281,31,33,76,202,402,"1,120","1,655","1,830",726,489
346965,4,10,34,74,141,444,877,"1,447",535,220
230267,7,15,33,70,204,594,835,804,137,51
309430,2,9,21,46,113,378,596,543,132,65
176734,11,7,20,41,134,507,"1,219","2,779",939,314
254018,3,3,19,49,138,535,958,802,126,53
6830,23,28,55,71,177,538,768,917,348,229
119506,12,9,16,37,132,485,"1,077","1,834",568,218
204516,4,17,26,50,96,358,830,"1,356",414,148
217083,2,1,5,9,36,143,270,422,149,74
131646,9,34,52,109,196,696,"1,026","1,199",368,153
256916,7,13,17,22,52,179,596,"2,045","1,379",717
102652,67,129,318,624,"1,051","2,873","3,594","4,246","1,712","1,348"
159504,8,14,28,51,80,230,332,627,406,252
70,5,12,16,55,159,598,872,592,101,35
43443,28,84,212,596,"1,406","4,675","4,900","3,126",562,272
306040,5,7,24,42,96,396,817,"1,539",436,124
300322,9,6,16,35,97,335,898,"2,280","1,068",376
8190,2,11,21,74,197,646,796,636,143,39
209418,26,12,40,99,234,843,"1,773","3,268","1,504","1,092"
203427,9,17,44,134,352,"1,306","1,945","1,715",331,112
492,4,15,35,94,189,744,"1,079",837,174,45
325022,4,5,14,24,46,154,320,681,297,140
367220,4,8,37,72,133,426,782,"1,145",361,170
11170,27,27,72,181,436,"1,303","1,969","2,326",925,940
316546,1,2,14,17,65,307,737,"1,085",297,106
40834,109,99,161,407,954,"3,382","7,407","12,581","5,464","2,643"
197443,8,5,30,65,206,916,"1,740","1,752",312,87
115,29,49,77,150,326,874,"1,016",923,264,125
127024,13,40,89,239,537,"1,813","2,147","1,423",236,136
43570,43,66,157,300,978,"4,066","6,676","6,397","1,379",501
43015,44,45,92,201,436,"1,380","3,027","5,868","2,528","1,227"
30957,6,6,22,74,214,782,"1,449","1,633",333,108
301716,1,1,5,21,46,337,688,610,80,25
2397,44,97,311,835,"1,737","3,872","3,166","2,019",773,752
312318,1,2,2,9,32,128,368,553,143,51
264982,3,3,14,30,64,291,538,839,199,55
238546,4,9,15,29,65,147,250,431,181,81
104955,3,12,16,42,119,347,521,556,134,52
113294,50,119,235,509,"1,028","3,498","4,983","4,739","1,146",464
40354,17,12,14,33,90,255,509,"1,294",747,"999,999"
116954,3,6,22,85,208,887,"1,135",805,132,43
268201,8,7,22,41,87,196,367,622,280,258
223040,18,24,71,148,418,"1,606","3,550","5,451","1,616",654
368058,2,3,8,16,48,226,412,745,154,68
75449,4,13,21,45,109,524,987,"1,195",215,70
875,22,29,33,80,118,338,596,"1,072",658,411
200853,2,1,7,20,67,281,533,765,134,74
198740,12,16,53,91,242,717,"1,292","1,445",379,213
277700,9,8,29,68,132,410,610,"1,177",407,240
264055,8,22,61,146,567,"2,408","4,477","3,786",681,267
301767,5,19,35,65,202,694,"1,142","1,220",225,108
22825,11,17,52,107,236,658,981,"1,164",408,211
6472,53,96,169,315,624,"1,755","2,546","3,174","1,240",555
155624,14,24,51,132,280,"1,085","1,870","2,225",507,143
34707,4,8,17,66,182,584,778,565,75,32
26,12,33,50,84,147,364,517,586,241,167
144733,43,47,94,209,454,"1,619","3,428","7,458","2,988","1,187"
353288,0,1,8,15,48,157,504,"1,104",343,108
240855,4,8,12,20,86,286,611,887,195,66
255675,10,17,24,44,95,219,403,582,230,109
256320,1,0,7,16,56,286,567,548,78,21
302260,4,33,43,177,394,"1,344","1,481",834,144,83
108745,59,85,207,490,"1,125","3,517","6,097","8,936","2,578","1,252"
156776,12,13,34,84,142,501,826,935,359,274
111341,15,12,38,85,154,440,733,"1,593",894,564
1041,7,9,32,98,203,786,"1,380","1,510",341,104
822,"999,999","999,999","999,999","999,999","999,999","999,999","35,114","999,999","999,999","7,400"
361,7,26,61,153,438,"1,433","1,512",810,179,81
266083,42,106,186,363,731,"2,199","2,180","1,328",279,134
19857,36,56,102,"999,999",570,"1,815","3,358","5,091","1,836",961
241590,0,5,10,19,44,296,618,878,253,94
16986,16,44,111,315,778,"2,633","2,903","1,815",358,166
216091,10,16,27,46,154,595,939,829,176,41
339484,0,0,8,25,73,304,545,504,71,27
144592,9,6,30,62,177,555,"1,215","2,308",756,279
292375,23,15,31,38,76,298,487,"1,357",757,401
163412,49,74,182,512,"1,497","6,797","16,323","25,790","7,882","3,125"
125618,31,39,135,309,688,"2,566","4,251","4,643","1,017",332
28181,22,5,13,23,44,93,212,517,445,298
169611,7,9,14,31,101,341,587,542,132,65
98918,16,26,26,63,81,246,385,528,179,75
163805,1,1,16,48,131,384,583,611,123,36
230085,7,12,31,54,130,339,589,840,269,117
143515,2,8,21,50,176,744,"1,499","1,800",328,118
325635,3,3,3,8,15,106,344,949,436,332
184921,15,25,68,141,407,"1,573","3,165","4,642","1,206",525
300877,8,14,43,95,315,"1,272","2,330","2,325",391,125
244331,4,9,19,58,194,826,"1,517","1,644",340,73
70919,37,84,237,627,"1,740","7,503","14,030","14,279","3,131","1,340"
104363,22,37,68,152,255,832,"1,214","1,265",448,169
175914,105,124,196,285,459,"1,398","2,350","6,003","4,665","3,517"
2081,2,5,11,16,54,130,270,409,197,159
31627,42,32,50,120,292,"1,258","3,619","5,707","1,761",776
179172,17,33,75,126,244,703,"1,103","1,563",583,339
193949,7,12,35,48,122,329,579,"1,158",696,391
9209,"999,999",192,494,"1,253","999,999","12,659","24,956","29,091","9,217","999,999"
296912,9,35,74,160,421,"1,609","2,673","2,968",598,210
299047,5,1,8,26,60,301,824,"1,046",342,258
13642,8,16,50,134,285,"1,060","1,792","1,696",347,88
1035,15,16,44,55,153,436,783,"1,019",498,377
296237,6,1,10,16,61,260,546,"1,302",440,146
228504,13,6,31,85,297,"1,296","2,035","1,592",318,129
270109,2,5,10,28,129,351,600,608,138,60
6411,8,14,35,109,302,"1,104","1,304",917,180,45
215312,5,7,10,33,109,390,649,471,92,48
337787,1,2,6,26,63,331,478,535,117,34
299252,14,40,77,181,295,"1,045","1,342","1,081",342,204
156129,37,46,131,391,846,"2,896","5,276","7,953","2,776","1,101"
1301,9,12,30,64,141,350,551,688,352,247
341530,1,3,20,28,98,384,710,749,147,51
354570,3,3,5,7,10,24,37,232,284,299
223376,12,8,7,14,23,65,134,292,247,211
282954,5,8,17,48,104,377,699,957,213,66
91873,5,5,21,37,122,478,853,965,173,42
202408,8,24,63,172,419,"1,307","2,029","2,016",402,124
238393,4,4,11,19,44,210,319,422,145,88
12942,39,67,165,417,"1,235","5,395","8,850","7,456","1,570",589
205418,8,7,21,58,128,561,964,836,194,51
360265,1,2,5,12,28,106,195,531,242,99
29934,10,17,29,70,207,709,987,890,139,54
328326,1,0,4,3,13,71,185,502,157,67
62227,36,25,47,102,174,498,"1,011","1,800",807,380
22484,5,6,9,38,102,385,676,616,132,43
309105,3,6,20,32,"999,999",327,550,601,123,40
66510,10,16,17,36,104,357,481,437,191,"999,999"
325555,5,8,9,24,38,168,240,468,188,71
2163,40,15,30,67,173,526,917,"1,162",501,396
37111,"999,999",217,404,739,"1,336","3,946","999,999","11,601","6,386","999,999"
120,15,36,97,225,517,"1,652","1,582",891,182,64
170042,28,29,86,195,485,"1,948","4,949","10,121","3,553","1,347"
144797,15,18,43,81,154,456,776,"1,497",684,385
191051,6,14,33,82,223,679,"1,185","1,637",409,186
308765,14,10,20,64,142,544,"1,271","3,469","1,636",621
163370,2,0,12,17,54,322,545,502,94,35
121408,20,25,65,198,425,"1,460","2,515","2,800",659,146
194594,23,53,115,367,879,"3,530","6,391","7,077","1,600",657
150999,10,7,39,110,256,948,"1,653","1,407",267,70
104020,20,18,30,58,130,437,693,994,279,88
215311,18,27,71,204,507,"1,905","3,813","4,993","1,105",395
187700,1,8,7,26,65,203,326,518,259,137
362986,3,2,5,10,42,149,293,531,143,35
903,6,11,18,69,170,608,699,508,119,41
38159,45,60,79,151,260,815,960,"1,032",366,273
316412,3,7,16,36,82,299,631,"1,549",557,215
42487,9,24,57,135,351,"1,057","1,545","1,061",190,67
92415,63,93,198,508,"1,111","3,932","6,241","6,403","2,037","1,027"
269511,4,"999,999",-1,-1,-1,"999,999","999,999","999,999","999,999","999,999"
262543,"999,999","999,999","999,999","999,999","999,999","999,999","999,999","999,999","999,999","999,999"
284584,3,8,"999,999","999,999","999,999","999,999","999,999","999,999","999,999","999,999"
201921,15,"999,999",91,186,464,"999,999","999,999","999,999","999,999",186
165722,15,23,"999,999",92,292,"999,999","999,999","999,999","1,302","999,999"
305985,3,4,15,29,99,"999,999","999,999",507,"999,999","999,999"
317311,4,3,5,19,62,"999,999","999,999","999,999",78,23
158889,"999,999",1,10,22,"999,999",132,278,631,360,299
34119,"999,999",139,235,364,"999,999","2,149","3,048","999,999","1,348","999,999"
136955,1,3,4,15,23,"999,999","999,999",354,168,82
137988,27,23,51,"999,999",194,"999,999","999,999","1,506",545,323
324090,12,10,23,22,31,77,140,"999,999","999,999",244
94,14,14,32,95,"999,999",691,"1,351","1,369",391,"999,999"
168609,3,14,27,79,"999,999",922,"999,999",759,96,"999,999"
116998,22,21,"999,999",102,200,676,"1,240","1,654",558,212
42910,6,9,26,59,161,498,896,997,184,51
12891,10,"999,999",44,"999,999",108,302,570,"1,022",436,232
13780,11,14,26,92,228,686,863,798,176,43
300683,0,1,10,11,52,239,513,532,93,40
155068,40,40,103,192,390,"1,208","2,081","3,620","1,576","1,030"
350933,1,3,6,17,53,283,706,"1,628",486,146
42052,20,23,62,94,216,600,"1,001","1,812",706,294
205716,14,38,72,108,189,530,740,964,302,163
274124,2,4,15,27,47,172,291,578,241,178
276498,5,5,15,38,162,642,"1,314","1,672",333,128
1465,31,57,110,323,727,"2,488","3,280","2,661",758,409
175307,3,6,9,22,91,336,561,527,160,94
180511,4,7,23,52,160,586,"1,177","1,698",447,158
124708,40,96,195,465,991,"3,217","5,041","6,212","1,878",958
98229,5,15,26,67,172,635,"1,038","1,300",358,141
334065,4,4,11,34,110,450,960,"1,461",277,126
4636,7,19,81,192,479,"1,579","1,672",892,154,50
15,27,58,96,209,337,796,919,823,342,369
264198,4,8,13,21,49,120,223,461,304,154
300583,4,8,9,27,98,388,643,516,80,24
188834,171,179,325,577,"1,065","3,426","5,648","8,467","4,135","2,497"
121,33,36,71,147,271,750,"1,163","1,650",876,822
27588,17,39,119,392,"1,036","3,918","5,370","3,367",533,197
271615,1,1,2,9,27,118,348,628,164,73
22038,10,34,63,173,312,881,"1,130","1,001",285,134
119788,8,18,54,125,285,847,"1,256","1,695",438,166
42776,15,15,41,95,202,685,"1,176","1,841",625,327
79127,13,25,31,75,127,451,723,"1,119",489,254
148203,22,40,88,171,348,934,885,"999,999",246,202
199966,6,4,13,37,84,386,793,"1,197",267,95
39463,132,250,500,898,"1,546","4,207","6,331","9,307","4,586","4,221"
149155,4,22,48,152,392,"1,468","1,740","1,217",280,135
39953,27,66,121,288,565,"1,441","1,529","1,408",512,277
312267,7,9,31,43,152,477,859,836,193,48
195571,7,18,31,48,114,351,523,580,200,69
175117,11,36,98,220,650,"2,543","3,695","2,865",532,219
277659,12,11,15,22,54,189,391,"1,408","1,159",796
214880,11,12,30,41,83,231,399,924,554,239
554,8,20,50,122,340,"1,044","1,640","1,563",348,98
157354,48,86,179,430,994,"3,578","7,970","16,936","6,659","3,131"
369880,0,5,8,13,68,278,580,"1,052",235,69
91,58,26,48,64,132,339,672,"1,610","1,224",919
232918,38,79,167,271,554,"1,398","2,025","1,958",591,312
66837,1,5,5,12,29,50,139,341,302,"999,999"
144239,5,16,29,"999,999",191,"999,999","999,999",574,"999,999",46
361545,9,9,23,41,115,337,"999,999","1,190",475,159
527,8,9,28,"999,999",216,624,"1,030",909,254,112
27976,13,5,15,24,70,310,602,755,323,268
233020,27,"999,999",91,197,470,"1,534","1,696","1,283",298,233
54,21,26,89,274,747,"2,943","6,144","7,141","1,773",630
202077,24,8,27,31,60,176,275,611,394,308
140,48,139,244,542,"1,099","2,926","2,237","1,456",400,203
139898,5,8,18,42,138,448,778,"1,176",342,135
101721,35,51,86,156,347,"1,017","1,638","2,350","1,197",957
12477,13,23,56,138,288,827,992,704,157,62
216632,3,17,28,40,83,319,419,545,147,76
233312,13,24,50,106,246,918,"1,737","2,557",815,403
103,17,52,113,193,301,785,957,856,395,332
103092,3,3,15,58,116,461,631,616,116,28
254640,30,41,84,229,624,"2,684","6,407","9,732","3,249","1,306"
221769,6,5,14,29,41,134,263,424,228,109
321277,3,6,13,30,66,234,451,542,98,32
30645,10,20,58,79,174,643,"1,050","1,509",437,150
194655,68,91,258,545,"1,585","5,737","10,137","12,763","3,964","2,023"
37387,1,3,26,44,117,382,631,642,84,17
340041,1,0,5,10,40,205,531,906,182,79
27364,14,19,40,135,325,"1,129","1,639","1,377",231,60
71671,8,21,43,116,237,808,"1,147","1,179",294,111
99975,12,11,29,80,267,"1,248","1,384",692,123,67
220133,1,1,6,16,33,168,348,568,156,61
19999,8,17,38,85,236,849,"1,156",918,165,46
106217,7,16,38,107,249,817,"1,310","1,526",320,102
250881,1,5,17,26,63,148,255,488,161,70
104006,24,41,104,256,739,"2,707","5,962","9,512","2,583",877
28259,19,64,136,263,499,"1,380","1,326","1,045",212,83
172381,10,8,29,64,190,637,847,839,139,47
4099,8,11,24,55,153,573,"1,020",965,164,36
313889,4,2,2,4,13,32,91,237,309,273
328866,22,17,28,23,63,176,320,860,595,289
25292,42,75,162,346,637,"1,950","3,146","4,976","1,741",895
39856,159,244,542,"1,345","3,092","11,123","999,999","18,855","5,762","2,885"
60,6,19,45,102,267,718,"1,228","1,244",309,107
192860,4,5,21,83,247,919,"1,154",768,119,43
760,34,36,87,216,605,"2,467","4,908","6,143","1,832",829
43022,22,35,52,124,228,630,695,712,293,167
183284,2,8,13,34,81,280,421,515,143,58
1568,2,14,26,90,207,690,872,714,228,169
272682,1,1,6,21,55,253,449,698,166,51
303553,1,0,4,13,47,261,601,849,159,49
438,35,90,235,"999,999","1,647","5,549","5,003","2,519",500,221
182874,34,41,89,171,406,"1,369","3,193","8,398","3,654","1,840"
19622,5,3,10,19,35,91,222,450,179,75
243,64,45,65,92,165,295,456,779,684,"1,159"
179803,6,6,16,25,65,159,451,843,446,288
63888,76,166,274,520,929,"2,752","4,132","5,542","2,171","1,340"
38996,10,9,19,36,76,273,580,993,381,179
833,2,8,20,18,54,143,342,616,284,182
285533,0,0,2,19,41,195,434,642,145,50
222542,1,8,25,55,139,513,789,681,111,49
163602,61,66,125,267,575,"1,699","2,476","2,592",706,304
150376,110,199,438,899,"1,887","6,053","999,999","16,174","6,463","2,927"
180974,18,46,110,310,851,"3,563","6,180","5,756","1,171",463
196496,2,3,7,8,38,89,183,407,206,121
150997,17,11,19,45,61,177,370,688,565,459
134453,6,14,30,76,237,928,"1,305",940,183,62
212445,11,10,19,33,68,229,447,836,568,428
170561,7,11,31,74,201,748,"1,478","2,097",605,281
216734,11,24,59,113,244,720,"1,262","1,895",716,546
18258,12,15,43,124,272,929,"1,420","1,184",192,43
267609,5,2,7,8,19,49,69,153,167,298
3201,18,25,66,155,350,"1,254","1,965","2,088",693,297
172931,2,8,19,67,224,833,"1,256","1,136",353,136
318977,35,23,63,147,363,"1,627","3,734","5,516","1,734",692
21133,3,1,12,11,34,79,118,223,203,176
196326,14,14,44,96,225,756,"1,579","1,864",658,394
220308,89,61,121,200,404,"1,305","2,752","7,442","6,783","6,190"
112,14,42,128,319,691,"2,395","3,103","2,478",575,224
24827,6,14,40,80,239,892,"1,129",877,134,39
248005,4,4,15,28,71,309,477,548,131,38
82420,12,10,12,37,89,307,539,854,337,200
342070,0,2,7,13,15,67,130,418,265,134
332944,1,8,11,35,88,284,612,604,134,53
301255,3,2,24,38,104,296,580,"1,338",452,129
83195,19,60,109,271,721,"2,710","2,706","1,664",412,225
59946,19,53,125,308,593,"1,932","2,682","2,447",659,339
284778,2,1,1,2,10,55,173,362,164,116
201808,36,58,128,355,"999,999","999,999","8,495","17,163","6,553","2,833"
172308,12,28,83,201,484,"1,756","3,041","3,402",731,269
7854,33,20,33,90,219,857,"1,955","3,456","1,353",700
9440,9,23,49,115,241,929,"1,589","1,610",385,109
244522,17,21,62,172,479,"2,531","6,071","9,708","2,626","1,030"
82222,32,54,111,184,288,848,"1,459","3,306","1,957","1,332"
207243,5,26,38,66,109,297,454,828,439,219
144344,8,14,36,84,224,959,"2,111","3,922","1,074",354
327,27,58,141,400,865,"2,434","2,568","1,887",569,334
204184,5,4,7,23,66,237,395,484,158,109
155987,23,36,80,236,592,"2,076","4,042","5,236","1,257",535
42452,9,21,60,162,430,"1,543","2,116","1,415",190,62
219513,10,17,63,167,602,"2,669","5,880","6,832","1,216",432
216132,28,29,44,114,"999,999","999,999","3,417","8,597","3,950","1,647"
855,4,13,31,91,225,692,"1,099",975,230,83
336929,2,3,13,33,85,345,581,638,136,43
152470,17,19,40,59,111,289,443,733,323,219
1608,6,6,23,60,104,341,571,642,356,245
304285,8,5,14,73,146,638,988,799,167,69
170604,1,9,13,18,42,134,228,452,246,105
233678,9,14,44,115,278,"1,070","1,247",894,147,63
143693,15,22,55,139,383,"1,438","2,901","4,609","1,218",400
284435,9,9,27,102,245,"1,225","2,348","2,734",588,236
147303,6,8,16,58,173,715,"1,178",979,185,82
1403,5,15,50,147,344,"1,235","1,591","1,086",179,67
349463,2,8,18,28,95,332,574,518,105,51
72125,119,122,242,454,818,"2,550","4,910","9,750","5,687","3,449"
197376,89,142,292,433,854,"2,192","3,212","4,293","1,884",973
177639,10,21,50,146,403,"1,720","2,983","3,457",791,289
218479,7,8,35,55,92,255,417,829,453,342
113997,12,30,80,150,297,991,"1,415","1,602",506,208
198953,10,13,25,55,64,197,315,684,531,431
157001,5,6,6,36,54,238,505,736,218,54
128882,118,157,333,615,"1,311","4,243","7,336","10,617","4,596","2,960"
147949,148,249,503,879,"1,747","4,871","6,831","7,276","2,650","1,514"
155255,9,7,15,34,57,152,241,436,162,84
475,12,29,67,147,360,"1,210","2,189","2,679",739,269
41114,135,226,470,983,"2,121","6,875","10,657","12,162","4,318","2,072"
118174,3,22,28,106,244,761,829,593,126,53
421,34,28,61,98,148,522,883,"1,815","1,075",835
339906,5,8,33,49,156,422,720,821,193,74
287084,2,9,25,78,211,721,"1,195","1,145",289,114
350316,8,8,13,27,59,266,497,"1,372",630,247
322656,4,4,14,17,27,75,113,295,261,145
172818,19,32,94,235,655,"2,361","4,091","5,853","1,641",640
68264,11,6,17,23,47,147,300,646,316,150
200680,60,57,114,169,365,"1,281","2,701","5,979","3,304","2,232"
178900,137,189,426,"1,099","2,739","11,028","22,420","999,999","999,999","5,636"
333255,2,6,8,20,39,119,232,576,340,216
826,12,31,74,211,630,"2,359","2,733","1,468",254,91
216201,19,27,49,79,187,631,899,823,232,121
16496,4,26,59,158,378,"1,206","1,498","1,077",191,68
247763,22,15,46,123,309,"1,058","2,634","7,630","4,182","999,999"
218074,9,4,17,25,71,198,385,911,471,284
174570,4,3,27,44,112,369,683,"1,006",319,128
370913,4,1,6,22,53,247,601,"1,177",301,130
196,11,29,58,111,186,549,840,785,247,118
253664,24,50,121,183,388,"1,137","1,095",829,236,189
256589,19,22,65,96,253,609,837,"1,215",412,230
123239,6,4,14,50,154,670,782,586,122,56
183231,0,8,25,57,161,594,899,723,112,21
143519,10,30,80,172,420,"1,276","1,880","2,447",728,376
151347,14,27,63,103,185,542,920,"1,585",817,591
3685,21,16,30,62,137,447,964,"1,637",568,221
15985,48,25,30,49,91,318,623,"1,012",654,587
177736,56,50,146,238,500,"1,740","3,371","9,201","6,545","4,471"
119890,30,37,85,164,469,"1,968","3,996","5,155","1,189",443
179275,27,50,118,246,670,"2,430","3,436","2,936",670,265
137269,6,8,43,116,357,"1,241","2,053","2,014",326,78
129437,50,"999,999",212,"999,999",988,"3,018","4,967","7,179","3,143","2,146"
269144,4,6,28,84,197,866,"1,841","2,761",618,188
256960,28,54,82,138,320,758,"1,342","3,622","3,249","2,447"
238992,17,29,71,134,360,"1,081","1,722","1,682",494,255
255984,24,41,59,110,194,559,"1,025","2,874","2,562","2,012"
241451,17,19,29,55,99,329,670,"1,613","1,183",678
158899,37,84,259,606,"1,558","6,056","10,029","9,394","2,070",767
67492,9,15,39,84,172,461,765,977,313,155
293835,6,4,9,30,36,156,318,551,178,77
181521,5,16,42,98,242,846,"1,511","1,882",532,226
121921,108,152,352,671,"1,259","4,219","7,735","15,483","7,675","4,257"
2987,18,75,141,401,801,"2,281","2,528","1,608",289,112
1887,8,9,22,65,125,345,382,401,186,157
33154,11,23,83,183,458,"1,584","1,453",905,111,47
232405,20,47,83,168,385,"1,138","2,160","4,027","1,553",787
66188,19,26,45,179,493,"2,000","4,199","4,793",863,317
36235,8,3,27,71,198,675,"1,123","1,416",407,206
5782,15,58,114,329,"1,114","4,673","999,999","5,416","999,999",335
283155,19,29,74,189,469,"1,856","4,034","6,958","1,977",856
222509,35,26,43,117,261,743,"1,371","2,583","1,180",707
279537,19,19,41,59,156,635,"1,604","4,601","2,064",951
187273,4,14,30,61,129,387,454,497,172,74
66588,4,5,10,39,124,516,727,504,98,34
125548,10,21,73,121,232,794,993,830,217,103
228855,6,20,20,52,140,500,910,"1,159",285,99
169786,209,193,460,879,"1,851","5,642","10,369","25,081","19,556","999,999"
318560,2,2,3,27,66,260,652,"1,255",296,86
271324,21,22,73,182,450,"1,611","3,629","7,005","2,520","1,098"
213893,13,20,61,134,319,"1,068","1,876","2,295",509,185
120217,13,40,48,150,246,781,875,712,166,61
30869,16,22,62,193,428,"1,798","3,171","3,290",603,189
245638,13,21,51,98,284,"1,086","2,631","5,272","1,540",443
28023,22,70,162,"999,999","1,022","3,898","6,348","5,935","1,196",464
284936,2,3,20,24,89,363,762,945,177,84
227935,14,17,30,42,84,309,603,"1,655","1,139",759
244115,3,7,17,49,166,578,"1,125","1,748",492,216
88,14,33,61,211,552,"1,851","3,084","2,780",710,270
196340,21,10,33,81,215,869,"2,194","5,241","1,971",645
30380,13,17,75,166,441,"1,463","2,609","2,735",573,187
232832,18,18,38,114,294,"1,162","2,886","4,847","1,407",640
139976,45,25,55,71,200,577,977,"1,795","1,104",942
173442,7,4,18,24,67,187,388,867,429,219
174837,0,4,10,23,55,155,258,420,167,78
203993,28,25,50,106,275,981,"2,459","5,907","2,366",985
66362,13,17,53,124,328,"1,320","2,802","3,642",709,184
161417,31,66,200,"999,999","1,040","3,663","5,089","3,763",839,335
174430,731,360,538,617,"1,106","2,756","4,335","10,597","14,327","999,999"
134157,9,14,33,79,165,544,702,574,118,39
249590,0,3,2,8,25,49,89,294,211,98
256680,17,13,22,28,72,180,356,"1,047",897,709
305096,16,14,40,76,201,564,"1,127","2,680","1,213",572
155969,7,34,107,229,543,"1,550","1,547",961,126,43
104347,5,12,30,101,266,"1,113","1,625","1,171",162,59
275467,12,26,39,103,219,735,"1,249","1,486",421,170
340466,28,23,44,71,154,466,922,"1,717",648,320
258036,12,12,51,113,298,917,"1,768","2,169",530,179
316624,8,9,20,23,41,110,156,371,266,151
92828,66,62,129,266,758,"3,009","5,637","6,962","2,263","1,166"
1261,10,8,30,73,183,615,"1,071",926,198,58
205317,6,14,19,41,76,290,477,720,239,135
276025,32,28,55,130,270,998,"2,182","5,817","3,625","1,673"
326494,6,15,14,40,112,383,780,"1,305",442,180
271869,6,5,18,77,188,780,"1,402","1,159",190,60
285265,4,3,14,24,71,296,521,664,138,65
97207,36,48,128,301,578,"2,005","3,513","5,482","1,763",709
175095,8,9,7,15,43,152,316,982,674,354
342942,136,83,185,256,"999,999","1,426","2,847","9,403","10,566","9,156"
338460,1,1,5,10,41,160,"999,999","999,999",135,47
143884,"999,999","999,999",585,"1,297","2,816","9,108","9,943","6,350","1,201",437
929,49,96,189,368,744,"2,200","2,080","1,441",415,251
878,9,15,51,99,285,982,"1,418",954,189,62
50750,10,20,41,129,274,"1,039","1,860","2,287",503,160
332686,15,12,22,38,52,127,183,529,621,580
342848,6,5,18,21,73,313,654,969,248,123
24703,6,2,25,51,135,431,581,466,129,105
107529,76,144,303,729,"1,555","4,794","6,802","6,237","1,530",680
202583,3,7,29,70,147,569,906,923,226,98
245354,7,7,15,22,63,225,340,541,170,70
21882,7,16,64,174,467,"1,758","2,788","2,544",485,162
124172,25,67,141,290,662,"1,883","1,873","1,169",249,100
157969,56,"999,999",320,886,"1,946","6,743","10,454","10,749","2,568",890
158900,15,28,78,203,451,"1,324","1,523","1,011",164,"999,999"
200511,7,6,24,25,54,164,295,610,184,97
19237,40,89,176,415,959,"3,014","2,956","2,020",326,128
214029,4,9,22,41,87,252,458,"1,032",434,174
230383,3,8,18,46,138,538,800,528,85,45
463,356,322,624,961,"2,028","5,247","7,443","9,195","999,999","6,732"
173090,34,78,158,331,861,"999,999","3,555","2,311",460,215
91872,14,21,45,137,352,"1,098","1,773","2,007",539,298
118695,2,9,21,61,133,456,564,514,116,51
204305,23,25,51,90,208,635,"1,221","2,037",916,474
248861,1,2,12,19,62,361,598,591,100,31
206915,5,11,32,44,98,436,695,704,222,86
288169,4,8,25,61,149,611,"1,044",919,196,70
122515,47,56,102,294,620,"2,182","4,519","9,099","3,705","1,796"
220367,2,0,6,9,50,139,262,444,129,68
141572,8,25,72,211,544,"1,982","3,285","3,587",731,208
322622,0,0,2,14,55,182,451,772,162,60
91514,16,17,62,208,621,"2,807","3,676","2,528",491,242
191189,37,36,99,200,455,"1,631","3,270","7,059","3,976","2,180"
299659,8,6,9,25,59,147,298,"1,010",889,684
272427,3,6,13,32,64,218,340,564,140,56
205398,24,37,88,203,525,"2,007","3,992","4,279","1,071",449
172386,41,28,60,116,284,970,"2,339","5,640","2,579",950
218293,1,9,34,69,151,398,526,575,142,63
220,13,35,82,236,646,"2,361","3,979","4,036",943,315
302425,6,7,3,11,25,104,283,651,199,74
231733,20,26,32,90,169,495,"1,094","3,213","2,104","1,280"
29223,8,16,53,168,390,"1,485","1,635",951,176,86
308119,6,10,10,15,23,74,136,406,476,504
3307,19,16,30,70,172,407,856,"1,316",529,197
348450,2,2,3,17,55,"999,999",533,"1,240",402,144
338834,3,4,17,25,63,299,801,"1,505",470,197
45315,40,67,123,330,601,"2,032","3,349","4,820","1,677",752
125153,35,36,76,153,"999,999",958,"1,888","5,377","3,221","1,675"
236191,6,23,27,64,173,741,"1,713","2,856",750,221
331820,0,0,12,11,21,98,204,455,159,46
191300,5,10,26,60,194,745,"1,327","1,294",268,81
160018,8,7,28,54,137,512,"1,070",972,278,153
110327,"999,999","999,999",231,625,"1,372","5,107","11,625","21,988","8,659","4,053"
239188,53,83,174,341,752,"2,518","4,423","8,065","3,151","1,809"
298069,9,8,37,95,250,968,"1,998","3,052",776,283
70512,7,21,40,104,224,718,"1,384","1,848",499,159
145371,2,4,7,23,45,160,254,549,278,201
265402,6,8,16,33,124,395,903,"1,871",554,184
124361,58,48,93,222,549,"2,194","5,801","16,156","8,739","4,439"
191231,4,7,31,75,253,931,"1,485","1,399",240,55
22192,5,5,16,34,110,342,407,379,163,198
195043,4,10,42,115,325,"1,212","1,515",877,115,53
304783,10,9,24,49,98,381,924,"2,723","1,490",626
160499,30,54,150,461,"1,185","3,743","5,194","4,178",887,313
179572,1,14,58,170,418,"1,425","1,704","1,178",149,60
175223,3,5,10,27,78,332,601,690,134,59
244992,343,328,549,"1,112","2,052","6,623","8,149","6,946","1,952",918
318009,5,4,11,36,58,232,614,"1,411",514,144
245643,8,8,28,68,214,798,"1,356","1,520",324,124
89409,6,8,20,47,77,253,362,583,293,265
170771,16,21,48,75,149,400,781,"1,569","1,055",677
126163,67,"999,999",169,344,"999,999","3,060","999,999","15,945","7,087","3,261"
246900,43,30,37,96,147,524,"1,028","3,266","3,485","2,865"
250458,12,24,49,118,279,"1,028","2,129","3,707",883,289
491,8,14,20,73,138,543,"1,052","1,134",389,136
285192,24,51,91,108,226,689,"1,214","2,729","1,375",798
237179,18,13,36,47,80,209,337,902,578,326
38713,4,7,7,12,54,194,354,471,188,104
238799,2,9,7,25,58,263,565,"1,311",344,96
299169,14,12,40,92,163,688,"1,272","1,242",297,153
1382,13,11,45,121,339,"1,166","1,885","1,561",290,111
13308,16,41,125,365,934,"2,858","2,665","1,358",174,72
15987,162,402,813,"1,416","2,273","6,265","8,379","10,988","5,115","3,201"
217780,6,6,13,41,102,416,962,"1,427",324,75
168,11,22,26,110,223,679,839,717,233,138
23094,6,19,38,82,170,527,804,851,260,115
154386,5,3,34,81,241,918,"1,326","1,120",174,50
267378,7,13,28,64,159,569,715,582,119,85
73439,65,54,153,293,632,"2,155","4,555","9,375","3,818","1,678"
256997,1,11,21,19,48,130,244,507,280,167
161866,15,13,21,44,97,336,672,959,358,213
10640,14,49,87,199,373,"1,233","1,455","1,284",327,181
206718,18,31,75,192,407,"1,508","3,318","5,564","1,418",432
162286,3,5,18,42,135,568,"1,162","1,570",327,93
233247,9,22,55,110,322,"1,014","1,829","2,258",578,236
295905,6,13,15,34,68,177,303,474,192,76
269752,2,2,17,40,69,359,616,579,"999,999",50
166384,"999,999",157,356,814,"1,569","4,916","6,100","5,190","1,216",411
316786,2,3,13,21,59,190,358,582,146,56
195856,17,24,54,127,274,777,"1,172",907,219,120
161936,"999,999",238,320,"999,999",743,"2,165","4,202","11,970","14,516","16,321"
172047,26,33,37,101,210,589,900,"1,286",499,267
266192,209,167,397,759,"1,694","5,839","12,650","31,124","18,640","11,870"
183394,87,88,212,383,"999,999","3,032","7,068","999,999","10,076","4,734"
18100,7,13,32,87,243,964,"1,595","1,251",235,57
730,7,4,10,14,44,110,213,347,199,109
363307,1,2,5,24,35,198,471,812,166,54
109276,21,30,56,106,207,616,"1,085","2,622","1,350",622
346501,2,5,10,30,71,361,711,"1,157",261,65
90419,15,16,36,99,249,"1,115","2,220","2,829",569,187
184824,2,0,2,7,13,62,147,270,191,114
296151,14,18,32,52,176,697,"1,558","3,953","1,638",643
234477,5,6,17,39,143,473,913,"1,371",350,142
503,15,50,89,263,684,"2,721","4,473","4,269",871,308
241477,1,7,26,45,113,413,748,727,186,119
245961,3,3,11,38,77,331,908,"1,622",489,187
131260,17,42,71,291,777,"3,408","4,481","2,872",558,224
157026,3,2,7,22,38,153,289,396,147,84
219100,18,20,38,58,83,208,338,585,400,253
178054,6,21,45,97,196,555,747,733,177,64
233262,10,11,26,49,112,297,554,"1,032",389,"999,999"
242684,8,8,21,55,103,381,696,"1,118",280,120
108906,14,15,57,104,159,497,811,"1,280",416,166
25821,132,152,268,482,982,"2,867","2,931","2,295",806,500
2393,6,7,25,60,170,438,552,445,199,173
176229,10,23,94,213,692,"2,290","2,494","1,367",160,56
146910,0,4,8,23,52,155,294,542,233,73
295564,1,3,13,16,28,96,180,478,353,347
36932,25,33,58,105,265,874,"1,641","2,711",946,341
168435,14,24,86,226,660,"2,392","3,590","3,186",560,188
204135,10,20,63,130,238,761,927,631,160,104
157403,3,16,50,115,337,"1,176","1,779","1,576",304,112
339789,5,2,5,32,73,308,771,"2,341","1,041",472
18098,19,10,20,36,52,151,255,508,368,394
274450,1,2,8,25,68,211,405,558,133,54
9216,38,26,62,137,379,"1,248","2,653","4,731","1,609",539
27173,12,15,58,135,338,"1,314","2,608","3,065",639,210
203416,47,61,108,"999,999","999,999","999,999","999,999","2,140","999,999",207
152162,6,21,"999,999",139,"999,999","999,999","1,847","1,409",241,"999,999"
350636,2,3,3,3,5,46,"999,999",355,177,61
184424,4,6,8,22,22,98,126,264,218,290
222514,28,24,37,63,110,"999,999",423,784,457,342
15364,9,13,42,92,284,"1,076","2,178","2,116",393,120
253618,3,11,21,63,206,796,949,614,104,51
176396,8,15,55,154,478,"2,056","4,217","4,746",786,235
338628,1,7,26,50,114,534,981,834,154,68
24480,18,32,102,286,681,"2,732","5,478","6,489","1,399",448
187645,116,60,143,195,425,"1,475","3,166","9,149","8,956","6,964"
258779,4,4,10,31,72,329,856,"2,435","1,012",384
1662,4,2,9,32,66,201,411,455,139,78
217372,16,29,44,151,387,"2,155","5,657","10,232","2,847","1,040"
20551,35,40,107,208,495,"1,628","3,298","5,365","1,871",731
129948,5,8,29,74,233,862,"1,494","1,566",308,93
22141,7,20,57,182,442,"1,626","2,372","1,555",190,71
15817,10,18,57,150,351,"1,297","1,957","1,684",349,130
24068,31,79,158,352,654,"2,089","2,374","2,098",543,317
170624,7,4,14,42,120,505,"1,104","1,833",449,126
217861,8,14,50,113,301,967,"1,468","1,440",342,101
35497,10,15,30,97,234,954,"1,535","1,270",270,109
151771,3,4,9,14,56,184,358,628,217,114
233398,16,11,23,57,142,595,"1,629","4,091","1,704",637
270239,7,11,22,49,87,245,403,801,444,298
29937,8,11,32,75,135,536,658,617,143,48
103185,1,9,23,51,146,510,692,703,125,35
14254,5,8,23,58,137,497,732,637,140,49
281474,10,2,5,7,19,63,116,410,331,192
242722,5,2,7,5,22,41,67,255,301,284
267319,3,1,10,36,136,531,"1,102","1,383",279,84
299317,3,3,3,6,9,26,79,292,303,239
245655,26,43,66,101,181,513,799,"1,732","1,122",696
136063,34,63,169,531,"1,464","6,070","9,929","9,484","1,742",601
265736,25,48,110,259,696,"2,877","5,680","6,551","1,311",445
132028,7,7,7,18,42,138,324,711,418,190
298371,1,4,11,29,102,386,721,931,135,41
163642,5,8,25,49,124,470,777,"1,033",237,77
36218,175,278,626,"1,417","3,377","10,868","20,432","30,246","13,422","7,657"
205125,2,5,19,46,157,553,797,484,112,60
163166,34,32,62,131,277,842,"1,566","1,774",688,376
293141,12,6,15,33,114,415,"1,186","2,084",646,323
141517,5,33,62,142,188,595,725,"1,012",438,223
98527,9,13,35,49,73,209,369,663,298,176
6249,31,75,245,633,"1,688","6,682","999,999","9,546","1,728",596
238638,5,3,9,24,68,276,475,786,219,64
332800,7,6,10,21,51,186,461,"1,045",640,544
287938,3,4,8,17,31,186,402,670,188,60
53953,32,76,153,"999,999",799,"2,226","2,959","2,855",766,277
200147,6,21,37,160,428,"1,823","3,120","2,527",437,166
187617,11,17,30,58,114,451,833,"2,062",986,467
164928,40,37,74,168,453,"1,730","4,422","13,159","6,740","2,861"
118,43,78,117,319,759,"2,788","5,291","8,088","2,710","1,153"
39683,20,28,68,191,438,"1,575","2,949","4,186","1,155",403
359609,5,2,8,4,12,35,97,361,418,469
252752,0,0,8,15,50,224,514,839,185,70
8129,2,10,25,81,177,593,852,644,128,50
352697,6,2,8,11,23,132,315,659,220,67
176165,3,12,43,94,250,980,"1,682","1,719",383,179
43528,3,17,38,99,196,778,"1,585","1,737",373,156
271601,6,4,17,31,62,205,345,790,422,318
148949,35,39,103,275,756,"3,368","8,134","13,006","3,437","1,224"
170216,124,146,297,526,"1,141","3,704","7,249","16,490","9,438","5,698"
136991,7,16,33,113,364,"1,704","2,269","1,517",251,95
359152,2,3,5,20,34,167,398,598,140,41
284121,3,1,3,13,21,46,74,230,266,227
242302,28,44,85,235,532,"1,955","4,255","7,021","2,245",878
210274,8,11,32,53,162,514,676,704,117,52
41933,6,14,60,116,290,833,"1,008",853,176,48
95103,24,49,75,139,225,668,900,"999,999",400,229
185343,47,33,121,183,402,"1,184","2,409","6,189","4,132","2,598"
227789,10,13,33,87,245,898,"2,026","3,685",960,303
481,8,28,38,126,265,835,"1,154",914,190,57
24310,37,115,231,454,844,"2,265","2,106","1,563",440,298
305682,6,14,29,60,148,544,"1,024","1,152",226,89
279254,9,15,43,103,215,679,"1,094","1,366",307,117
116,39,123,299,847,"2,127","6,791","6,377","3,402",690,311
91984,1,3,15,35,75,302,517,526,107,44
261114,3,10,24,40,121,557,946,"1,047",242,96
3284,9,14,47,108,247,721,916,764,274,196
251412,13,26,66,122,283,"1,024","1,531","1,414",268,73
47055,18,20,32,54,72,217,295,447,215,179
291453,8,13,31,87,181,726,"1,980","4,380","1,627",553
151004,6,11,32,68,177,656,"1,308","1,213",351,186
295947,29,25,56,131,387,"1,808","5,236","13,747","5,677","2,333"
133038,56,90,211,409,788,"2,185","2,963","3,717","1,500",729
234277,7,9,21,59,161,626,"1,399","2,622",874,299
135779,14,17,51,148,373,"1,487","999,999","2,329",611,219
6351,4,13,23,70,193,779,922,605,150,53
182028,130,110,219,327,610,"1,825","3,497","8,525","7,571","7,415"
55670,18,23,67,126,293,977,"1,834","2,878",857,325
262211,14,18,33,44,91,212,354,849,835,699
129736,9,20,34,105,221,767,"1,179","1,052",281,138
156689,7,13,17,54,95,353,650,914,381,229
21241,20,52,113,287,647,"2,302","3,926","4,782","1,674","1,008"
252153,9,17,26,69,"999,999",569,919,"1,391",446,216
22827,25,46,101,221,412,"1,115","1,723","2,282",929,624
212516,2,5,23,43,89,328,530,797,202,48
65532,13,15,46,129,293,937,"1,400","1,735",610,285
18602,106,116,239,458,911,"3,035","5,703","10,166","5,050","3,065"
226522,20,27,36,63,146,518,"1,005","1,851",773,252
123955,3,7,9,12,25,98,205,474,315,171
284760,8,6,14,35,109,500,"1,042","1,436",433,303
3800,3,11,19,42,131,472,712,645,124,35
266830,8,20,38,69,165,617,"1,368","2,119",503,142
226501,5,26,67,87,171,417,554,696,292,149
26457,8,5,14,20,34,162,291,434,194,89
220520,6,14,43,97,290,"1,222","2,227","2,143",391,102
12333,292,201,"999,999",604,"1,050","3,002","5,398","13,383","11,926","999,999"
219215,30,31,51,121,251,875,"1,390","1,566",429,183
206931,3,8,18,87,240,"1,170","1,798","1,138",223,91
146816,3,6,17,33,75,335,576,582,110,46
273477,5,15,41,64,191,627,989,"1,201",264,96
253214,12,32,33,77,173,474,637,850,238,85
331401,1,4,25,39,100,339,488,626,133,97
156336,15,34,101,218,659,"2,195","2,960","2,714",804,344
249277,7,14,19,19,81,280,540,"1,010",345,253
126100,6,18,19,28,95,343,613,814,261,119
43868,11,27,60,166,379,"1,566","1,505",919,133,57
14105,43,25,52,95,244,814,"1,748","3,295","1,533",842
284653,7,6,12,36,87,288,573,"1,582",869,421
163968,13,18,75,173,454,"1,533","2,974","3,455",694,210
36648,8,2,17,44,137,535,709,511,97,36
294702,1,2,3,14,36,147,280,526,124,64
295785,9,2,9,10,22,29,85,226,289,395
223740,12,21,66,96,283,783,"1,096",963,216,86
302098,4,4,11,10,27,103,246,707,351,175
224821,7,11,21,56,148,561,959,894,222,90
30381,4,13,30,59,168,597,"1,069","1,097",163,33
217085,9,30,"999,999",151,358,"1,171","1,578","1,226",246,99
343905,8,8,26,45,106,408,838,"1,892",672,233
205896,149,125,228,339,682,"2,005","3,328","6,879","3,992","2,607"
256730,15,22,45,85,165,499,912,"1,895",776,"999,999"
246684,19,10,30,63,143,571,"1,315","2,617",719,221
254127,3,6,11,10,17,22,32,95,212,357
204505,10,17,31,62,163,385,636,905,215,111
239472,7,12,35,59,109,410,662,"1,208",382,173
160610,2,6,11,18,81,262,462,690,261,143
232361,5,13,21,35,87,314,458,603,214,88
13122,26,24,36,58,131,406,688,"1,515",966,524
233571,20,5,7,18,41,124,283,601,392,293
195560,10,11,38,71,156,485,855,"1,284",362,158
119591,6,12,41,74,258,900,"1,411","1,116",146,42
73761,14,31,106,244,548,"2,114","3,376","3,106",584,209
269595,5,5,13,70,220,843,"1,297",999,183,69
142961,5,4,18,22,74,225,354,436,158,58
233371,22,22,54,115,273,"1,070","2,839","5,936","2,318",919
252526,2,5,6,18,47,222,519,801,250,104
31730,16,37,69,158,404,"1,414","2,290","2,751",759,338
244049,8,10,36,42,147,443,750,"1,045",227,89
366013,24,32,37,108,200,705,"1,463","4,539","3,028","1,512"
15062,61,145,343,755,"1,525","4,934","7,924","8,441","2,223",937
176558,18,26,82,190,425,"1,280","1,187",821,131,62
328479,5,7,33,73,193,785,"1,443","1,769",422,172
5737,10,11,44,105,246,981,"1,469","1,263",269,76
59294,31,44,70,166,291,"1,051","1,643","2,847","1,327",822
88827,1,1,5,19,33,143,316,430,162,110
155821,39,65,139,308,598,"1,846","3,260","6,635","3,479","2,311"
209685,38,60,125,379,889,"3,709","7,312","8,811","2,171",819
202670,8,18,41,66,195,626,"1,073","1,426",502,307
24508,13,18,68,195,436,"1,550","2,707","2,666",639,280
155703,40,50,151,381,926,"3,215","5,048","4,786","1,185",457
52461,6,11,35,100,223,743,"1,337","1,473",296,92
31481,103,211,376,762,"1,388","4,854","8,275","11,632","4,042","999,999"
7717,16,22,63,176,438,"1,578","2,598","2,502",586,212
16395,14,18,39,130,378,"1,530","1,977","1,243",241,89
135219,6,4,14,25,63,221,534,"1,154",509,288
200954,5,7,30,65,173,700,"1,202","1,238",257,82
260428,7,12,12,37,137,580,"1,443","2,541",750,270
210296,1,16,31,38,87,206,465,946,362,168
266121,12,14,19,38,78,303,773,"1,468",500,177
264241,6,6,21,38,144,594,"1,359","2,320",600,198
84,4,5,7,24,43,121,243,363,167,75
201825,12,12,47,127,302,"1,190","1,899","2,132",448,162
314040,68,32,41,47,87,269,637,"1,845","1,933","1,755"
35435,1,5,13,32,103,419,743,560,86,19
55690,170,115,115,152,232,453,676,"1,388","1,863","4,137"
295486,12,22,46,98,211,841,"2,138","4,031","1,433",499
160495,6,12,23,34,103,341,741,"1,354",416,158
131014,6,3,8,17,73,234,539,689,191,124
42673,1,4,8,15,36,111,224,381,196,94
228328,5,1,12,18,58,223,453,987,355,193
322289,20,7,12,26,53,174,406,"1,484","1,043",488
127060,34,33,66,150,342,"1,166","2,151","4,171","1,417",530
38386,5,14,38,76,230,844,"1,049",705,87,26
3931,9,20,77,140,325,715,906,735,195,89
264052,3,7,9,21,"999,999",268,609,"1,243",314,111
9441,2,6,22,95,206,751,860,498,118,75
231581,8,18,36,"999,999",190,633,"1,144","1,786",501,167
93260,35,47,94,210,513,"1,540","2,413","3,752","1,403",936
335212,2,5,3,8,11,43,83,254,204,207
145189,9,13,34,84,239,"1,073","1,182",595,142,60
240196,46,54,80,101,160,437,797,"1,430",891,633
94104,1,8,8,35,75,281,447,608,196,63
230802,73,"999,999",216,495,"1,597","7,162","19,394","35,727","12,573","5,323"
284378,22,10,23,52,85,236,572,"2,173","1,916","1,418"
262941,6,4,13,20,42,140,274,714,446,217
12750,3,4,1,12,26,69,159,325,210,90
291962,2,3,10,27,100,419,813,817,133,66
284742,6,6,24,53,123,502,"1,044","2,207",561,273
128780,19,22,41,83,144,393,629,"1,205",716,358
157917,1,8,11,21,48,166,256,423,208,128
153938,33,86,203,556,"1,342","5,533","8,884","7,527","1,574",624
357563,5,5,16,45,113,493,"1,280","2,079",453,186
251247,100,49,76,140,279,923,"1,831","5,571","4,170","2,531"
158600,17,29,69,179,478,"2,192","4,546","6,731","1,843",801
191876,3,5,25,55,192,691,"1,063","1,030",164,44
34084,7,11,32,94,209,795,"1,243","1,129",234,65
329716,17,5,23,14,50,160,211,447,157,88
230303,6,8,18,38,108,441,723,611,118,21
272738,11,18,52,105,267,"1,049","1,774","1,709",391,166
38054,7,18,43,147,326,"1,426","2,202","1,843",281,99
300442,1,6,22,52,146,530,790,804,169,90
25021,24,11,20,47,104,354,860,"2,320","1,281",572
295374,8,7,13,54,141,471,"1,235","2,643",790,260
16747,10,15,42,86,238,829,"1,220","1,416",403,218
230889,1,4,7,11,24,82,145,290,258,229
173,21,44,98,227,509,"1,660","2,418","1,975",602,295
108784,10,6,22,67,156,587,"1,095","1,158",323,170
300905,4,12,22,45,85,317,611,908,346,169
9625,17,24,49,80,152,493,881,"1,570",634,281
1117,5,33,70,188,416,"1,254","1,236",791,141,80
163967,16,48,112,285,734,"2,755","6,012","7,450","1,725",657
192135,49,42,80,131,283,693,"999,999","2,942","2,938","2,995"
280794,53,33,"999,999",75,115,231,385,923,803,773
46213,33,51,"999,999",297,749,"2,756","4,481","999,999","999,999","1,066"
220517,8,7,20,57,133,437,865,"1,297",436,172
63268,42,134,"999,999",745,"1,990","5,598","4,788","999,999",821,501
241724,16,20,44,117,342,"1,197","2,225","2,328",507,192
122294,4,9,12,25,58,246,506,545,155,85
283948,12,6,24,27,103,399,"1,110","3,095","1,380",544
246761,2,2,10,33,99,545,994,848,170,53
283863,4,7,10,33,107,374,804,"1,590",366,132
142079,11,36,64,128,241,718,817,766,184,64
322708,127,47,59,65,105,211,424,"1,142",970,850
119,8,18,58,140,435,"1,493","1,642",923,164,62
163474,4,5,11,21,54,162,318,639,302,136
124,5,27,71,147,272,998,"1,479","1,350",269,75
252929,6,20,65,159,451,"1,451","1,696","1,050",168,62
180020,27,59,100,197,500,"1,539","1,517","1,038",340,248
249381,5,17,32,"999,999",147,517,882,"1,319",497,195
31594,44,52,111,223,505,"999,999","3,182","4,414","999,999",443
298065,4,7,27,"999,999",144,671,"1,266","1,455",229,93
215,97,97,183,350,676,"1,940","3,129","4,457","2,159","2,078"
224,12,33,64,139,276,840,"1,266","1,261",409,255
323156,11,6,21,35,63,236,481,693,172,54
339958,1,1,4,19,75,280,527,757,173,62
31999,17,10,13,40,92,370,887,"1,515",495,288
203417,32,47,81,143,358,"1,192","2,141","2,107",519,155
117985,15,28,27,82,234,753,"1,207",947,219,123
2181,26,38,58,136,197,460,530,617,371,634
195162,3,7,30,47,159,541,832,991,340,243
183840,15,37,108,242,667,"2,517","4,394","3,497",588,229
159473,6,13,37,67,145,406,665,867,330,152
204836,19,31,50,121,243,882,"1,224","1,135",255,98
194880,12,16,44,139,427,"1,835","2,553","1,575",286,130
121297,8,16,59,169,366,"1,224","1,628","1,404",229,77
132531,66,88,194,508,"1,018","3,342","6,814","12,379","4,709","999,999"
342562,0,1,3,7,19,121,269,474,108,57
232595,3,10,13,47,82,288,533,698,176,70
110277,9,28,51,132,421,"1,441","2,286","2,277",388,118
146791,23,14,38,74,134,345,578,"1,071",859,715
300300,13,10,16,31,74,269,718,"1,425",570,248
324856,30,26,45,82,202,699,"1,913","5,186","3,363","2,133"
8045,7,14,30,58,120,328,553,787,296,115
9203,15,13,63,138,351,"1,159","1,487","1,101",280,124
281466,13,2,8,14,24,113,248,658,345,174
351913,5,4,12,30,70,244,518,"1,778",759,310
175324,54,120,220,331,626,"1,721","1,820","1,811",528,246
13004,7,11,38,121,338,"1,539","2,894","2,598",480,193
269968,5,6,11,26,89,299,542,510,131,54
158275,14,9,26,97,222,727,"1,065","1,158",351,152
270314,4,5,14,38,120,549,"1,157","1,286",276,101
198525,3,9,31,99,230,877,955,586,88,46
134726,19,21,63,121,348,"1,215","2,163","2,071",636,328
266810,28,21,72,121,307,"1,116","2,427","7,100","3,470","1,576"
40692,114,"999,999",569,"1,327","3,333","11,860","20,716","23,243","6,000","2,308"
201,6,20,31,92,269,950,"1,234",790,164,68
181304,94,157,446,924,"2,091","6,982","11,481","13,559","4,157","1,705"
1219,6,63,167,626,"1,674","4,965","3,512","1,676",370,231
364073,7,10,7,23,76,309,"1,029","3,115","1,180",450
140934,29,55,111,301,756,"3,005","5,660","6,985","1,738",689
131287,8,13,40,83,153,615,998,"1,547",390,127
306481,8,12,21,46,92,297,554,941,303,122
35570,9,16,23,55,181,648,"1,209","1,559",282,82
1,39,33,56,105,235,668,"1,120","1,951",967,540
17392,46,36,47,76,116,334,537,"1,151",861,659
277085,21,22,38,87,250,"1,014","2,209","2,937",954,532
25568,4,15,26,77,222,903,"1,405","1,275",238,"999,999"
235802,9,12,7,8,34,98,238,720,886,959
205610,9,15,52,160,377,"1,264","1,402",783,117,61
246200,3,8,20,39,107,455,789,690,131,44
3955,113,359,741,"1,539","3,199","9,150","8,434","5,173","1,340",657
552,8,12,30,74,128,367,666,"1,247",552,245
37836,2,7,8,23,32,132,349,689,273,139
157,2,11,28,50,116,357,496,524,148,98
63543,3,12,34,54,101,333,467,494,143,74
2338,10,26,59,130,327,"1,036","1,472","1,089",245,73
338957,1,2,5,20,43,217,497,974,274,79
345972,7,9,11,46,100,410,973,"1,916",602,204
175640,15,10,27,54,107,353,859,"2,657","1,560",741
66,8,7,25,86,152,474,815,734,199,65
199042,42,54,164,324,756,"2,693","999,999","5,828","999,999","1,148"
141423,5,12,30,72,183,747,"1,142","1,174",253,112
242705,31,6,13,16,27,50,47,155,381,"1,323"
111799,5,12,18,47,86,285,699,"1,339",553,181
25554,26,27,66,190,539,"1,864","3,928","5,049","1,182",335
269207,13,18,46,95,324,"1,360","3,274","5,591","1,531",532
249259,17,17,36,107,259,782,"1,528","3,532","1,587",991
180593,11,21,82,199,463,"1,754","2,885","2,777",512,196
244654,6,7,41,64,174,522,848,"1,228",303,140
17226,35,58,153,312,666,"1,934","2,900","3,475","1,441",763
12761,10,8,27,81,174,563,823,757,119,40
218509,6,7,28,31,100,325,574,976,316,130
359970,20,36,73,105,160,427,709,984,341,136
151022,9,11,29,78,167,598,"1,029","1,628",603,303
25417,30,32,85,183,452,"999,999","2,424","3,048","1,100",542
363369,3,3,9,28,76,275,504,609,147,34
147151,60,119,"999,999",656,"1,563","999,999","5,819","4,316","999,999",409
242,37,"999,999",150,302,482,"1,341","999,999","1,211",417,215
342810,3,2,5,14,28,"999,999",187,598,417,206
2453,32,63,185,"999,999","1,997","6,919","8,770","999,999","1,311",640
156943,7,14,25,39,106,"999,999",845,"999,999",368,162
353470,3,2,13,32,77,"999,999",626,743,150,49
59959,43,81,131,277,628,"2,239","4,198","999,999","999,999",703
423,10,6,19,27,"999,999",149,286,455,221,"999,999"
147253,6,9,13,45,"999,999",465,706,681,111,31
312484,51,51,122,261,673,"2,358","5,485","15,668","8,782","4,253"
329551,18,8,32,64,109,268,496,"1,089",536,203
823,"999,999",124,288,607,"1,356","3,869","4,532","3,427",858,435
166571,4,9,14,36,77,206,333,558,216,75
136280,2,7,9,45,125,534,660,535,119,48
210232,7,10,8,20,35,96,148,346,272,287
55697,7,14,22,71,142,451,674,716,139,39
356414,2,4,17,17,45,178,321,490,150,48
298229,2,4,13,25,30,162,310,505,130,60
225244,3,0,6,10,32,184,440,639,185,94
270971,6,12,29,70,156,597,"1,116","1,274",264,129
300217,9,4,33,46,113,373,631,"1,130",328,125
282414,1,1,5,20,49,181,420,615,129,44
145659,7,22,51,97,268,934,"1,675","1,824",350,105
317985,19,8,41,79,202,796,"2,057","5,750","2,610",867
9609,89,51,105,208,353,"1,031","1,886","3,355","2,026","1,465"
22348,3,6,21,59,121,530,728,542,134,69
172996,4,6,15,46,93,332,508,581,142,47
252328,22,16,14,25,66,204,437,891,641,516
50768,7,8,15,69,125,473,800,952,184,76
256999,12,5,3,22,60,136,330,881,457,286
275044,2,9,33,59,146,442,615,659,158,74
276894,5,6,20,49,192,"999,999","1,558","1,346",210,89
17396,8,7,23,61,124,358,658,837,269,99
84876,101,"999,999",178,381,945,"3,421","8,546","23,638","13,970","999,999"
314503,1,8,12,49,122,595,"1,194","1,212",242,96
6901,16,27,45,142,238,602,621,519,212,170
62222,17,8,12,37,57,213,464,"1,180",646,417
160477,22,45,109,305,766,"3,224","6,134","7,549","2,037",851
329465,35,43,108,200,446,"1,224","1,941","2,136",511,250
38343,6,9,27,91,235,687,908,759,159,41
291859,4,5,12,30,83,311,593,825,199,62
33451,15,27,36,88,244,750,912,708,211,162
176494,22,37,98,286,771,"3,336","7,202","9,849","2,289",735
244191,2,6,19,45,112,432,745,843,151,55
41,30,90,168,435,"1,157","4,353","5,544","4,134",923,491
130960,4,10,16,26,43,124,325,733,612,347
63170,0,4,4,4,10,36,67,142,175,246
328908,1,2,11,34,67,221,393,663,254,161
206941,5,8,34,61,158,725,"1,553","2,424",528,131
173101,6,9,16,60,148,534,888,"1,015",183,78
28143,137,195,450,887,"1,748","5,564","10,735","999,999","9,215","6,226"
249746,4,8,10,25,63,197,399,627,204,95
316377,16,9,16,49,120,440,"1,238","2,471",993,610
223770,4,3,27,54,161,661,"1,126","1,173",278,88
398,8,5,35,77,261,988,"1,024",624,112,42
251658,7,9,30,104,314,"1,522","2,989","3,520",863,343
10547,173,413,817,"1,686","2,747","8,732","11,782","11,862","4,143","2,364"
218530,2,22,52,110,248,749,"1,006",783,244,117
199478,23,37,90,245,559,"2,161","4,390","6,608","2,043",925
294514,2,7,15,29,94,344,492,522,115,41
142326,8,6,30,118,315,"1,189","1,812","1,388",221,66
344258,0,4,10,19,33,158,265,509,185,101
347137,3,2,12,13,41,151,385,610,241,118
82421,13,9,16,57,104,350,611,916,361,220
225694,35,35,90,184,471,"1,892","4,162","8,410","3,441","1,567"
55829,7,7,19,50,94,276,425,526,254,242
301257,4,4,21,42,104,342,619,938,193,49
226520,10,13,24,47,95,340,704,900,226,84
56692,9,21,66,141,425,"1,652","2,548","2,077",441,137
144529,5,9,25,69,127,365,480,533,161,60
5,38,51,150,318,884,"3,180","5,725","6,520","2,000","1,073"
240980,62,35,55,89,94,249,325,667,696,"1,474"
125678,21,47,109,243,482,"1,447","2,085","1,886",638,330
11971,39,114,207,484,995,"3,132","3,585","2,876",768,362
102680,51,42,126,233,466,"1,597","3,256","7,015","3,054","1,358"
91536,50,85,249,567,"1,172","3,442","3,973","3,204",709,313
300001,3,7,21,47,135,392,651,736,155,62
21550,9,6,19,61,231,823,"1,042",771,161,60
183571,6,16,27,68,165,667,991,"1,075",276,142
21050,50,38,"999,999",106,159,476,814,"1,897","1,322",950
176083,6,27,68,132,319,"1,102","1,449",983,158,84
232219,11,13,51,114,328,"1,429","2,484","2,450",429,174
478,75,229,412,"1,128","2,775","10,737","17,590","15,738","3,572","1,287"
121288,20,7,25,71,151,678,"1,296","1,569",474,243
111124,12,23,35,89,235,709,937,"1,022",250,80
257732,10,9,15,14,50,115,201,409,187,76
267271,3,2,5,9,30,138,295,569,97,53
132018,12,8,31,59,88,319,580,"1,088",532,243
17710,11,24,59,137,265,741,882,672,159,97
234669,35,44,55,67,149,467,693,"1,012",387,179
231218,8,3,15,28,79,401,728,"1,129",322,125
300327,4,5,19,43,116,492,912,"1,120",230,69
95527,14,28,55,94,170,508,880,"1,623",669,350
12962,12,25,74,148,273,930,"1,305","1,757",479,145
172,30,42,120,389,"1,125","5,052","9,515","10,353","2,171",763
37919,6,13,18,41,126,362,538,653,195,83
1822,3,2,13,28,50,177,430,696,323,143
49,14,32,91,262,635,"2,073","1,868",943,161,58
356033,31,13,23,58,133,511,"1,119","2,145",532,188
97786,22,34,80,167,469,"1,795","3,345","3,622",924,366
304420,11,14,33,69,131,603,"1,173","2,657",921,313
260300,15,17,40,115,231,770,895,731,242,150
176189,56,62,137,222,557,"1,748","3,408","5,634","2,432","1,361"
192836,15,12,42,79,155,489,878,"1,506",663,282
161533,37,29,60,133,222,673,"1,257","3,273","2,603","1,991"
39339,25,58,131,231,309,803,943,916,306,179
172220,5,7,20,39,80,295,525,671,199,128
237182,133,119,311,557,"1,073","3,522","6,540","15,469","10,540","7,618"
125752,2,2,4,12,24,87,132,298,181,130
117959,13,33,72,168,501,"2,128","3,539","3,426",819,302
328565,1,5,9,17,78,298,608,"1,456",529,186
374173,7,11,12,18,52,213,579,"1,748",750,294
28089,3,2,17,38,153,675,911,530,91,41
297985,0,2,6,15,17,144,419,607,"999,999",84
34297,6,10,45,79,258,815,"1,012",781,130,34
24417,15,46,75,150,231,754,"1,011",880,238,89
273330,46,9,29,40,89,284,484,"1,098",649,397
139030,26,80,216,521,995,"2,968","2,990","2,081",453,160
358504,3,5,9,20,46,208,362,468,153,85
180852,11,38,70,200,387,"1,041","1,243",933,170,69
106,5,15,31,92,229,829,"1,073",912,203,104
43111,64,56,121,268,565,"1,743","3,041","5,484","2,612","1,482"
113924,90,148,291,586,"1,175","3,388","4,757","5,207","1,857","1,024"
167355,116,111,202,346,520,"1,709","3,018","7,869","7,479","6,153"
94246,5,4,16,37,73,330,723,913,196,72
230,7,13,44,95,174,468,757,765,283,152
295262,2,2,4,13,21,107,190,515,222,93
280453,1,2,12,21,80,311,600,612,113,40
152,5,11,16,54,113,372,550,542,194,86
21523,28,67,149,304,646,"1,730","2,188","2,047",587,298
20437,16,46,64,153,352,"1,104","1,850","2,612","999,999",383
29368,41,141,244,523,"1,038","3,072","3,759","3,620","1,037",575
144189,11,11,19,33,74,190,377,"1,002",671,413
3565,7,8,16,44,94,266,444,471,"999,999",141
73369,13,18,45,"999,999",239,685,839,751,183,74
39938,19,24,"999,999",168,383,"1,158","1,931","2,532",650,238
227456,25,46,49,82,179,446,704,923,439,403
2842,12,52,115,302,681,"2,263","2,629","1,634",336,125
97842,14,32,61,172,420,"1,733","3,312","3,675",619,173
61692,8,14,25,55,87,321,487,575,317,300
257518,3,7,8,15,25,93,213,586,343,165
207572,1,1,4,4,14,20,96,303,256,98
526,20,56,137,385,851,"2,424","1,954","1,118",316,165
619,13,23,60,140,311,914,"1,173",896,172,60
182694,4,11,29,54,121,412,707,849,259,137
1513,33,41,69,128,196,510,781,"1,179",679,554
131366,9,32,97,271,760,"2,830","2,830","1,401",184,66
269385,65,77,143,207,471,"1,234","2,306","5,326","3,403","2,076"
275913,3,1,8,22,99,307,555,609,142,54
171726,9,11,9,25,35,137,216,388,191,103
128996,14,7,19,40,105,410,954,"1,870",552,229
174660,7,18,49,159,455,"1,649","2,125","1,482",182,89
154458,6,11,22,80,215,809,"1,308","1,596",303,112
317434,2,3,3,4,11,53,141,319,176,73
170416,16,49,95,235,377,"1,186","1,796","2,116",653,284
207691,5,6,33,40,108,372,762,"1,102",278,67
281526,5,0,3,5,10,25,24,91,209,319
20963,31,56,130,261,537,"1,676","2,577","2,830",844,316
104710,16,23,55,149,306,"1,046","1,365","1,418",390,213
40209,1,2,9,7,16,76,194,370,224,149
303057,6,4,8,42,125,558,"1,424","2,308",550,189
146508,170,295,530,743,"1,457","3,519","5,296","8,208","4,311","2,552"
60435,4,7,38,66,139,397,702,826,208,114
19100,5,9,37,95,286,948,"1,399","1,155",178,74
177478,5,8,21,39,105,395,841,"1,942",566,216
131325,10,8,22,91,298,"1,260","1,520",773,167,71
109125,3,3,4,19,37,161,299,550,192,67
164265,3,12,34,61,130,455,658,923,277,108
223321,52,74,129,187,405,"1,125","1,738","3,220","1,949","1,208"
301919,8,4,7,39,105,382,676,508,111,52
187377,6,9,33,86,216,669,"1,094","1,084",278,139
137649,4,3,27,36,92,295,511,779,257,124
107255,3,8,21,48,134,507,762,633,94,35
256570,2,3,4,38,112,497,979,"1,562",276,100
149776,6,8,13,27,61,182,337,623,177,96
162009,0,1,4,12,20,43,87,227,224,164
902,6,18,29,87,213,787,"1,118",846,158,49
193042,15,19,26,101,232,"1,121","1,996","2,665",699,285
98778,113,227,546,"1,276","2,836","9,676","13,934","12,572","3,603","1,932"
274637,18,19,46,67,217,723,"1,686","3,183","1,234",752
51,70,111,152,307,582,"1,669","2,397","2,299",817,542
207830,23,49,90,245,643,"2,175","2,895","2,306",590,298
105134,59,54,139,221,419,"1,184","1,829","2,568","1,169",708
197405,2,7,15,44,106,373,681,817,393,291
8989,9,13,41,112,333,"1,197","1,811","1,405",182,42
146221,12,7,21,46,98,284,360,538,180,67
234487,15,28,73,113,283,"1,068","2,123","3,686","1,084",313
218417,16,11,19,33,63,256,642,"1,910","1,496",900
205046,1,4,12,37,129,483,716,607,105,43
171879,1,2,22,42,95,430,782,951,175,56
27708,21,23,58,137,286,"1,035","1,968","3,723","1,380",590
167513,8,7,33,62,152,544,789,861,193,74
16992,59,152,347,964,"2,497","8,052","8,540","5,051","1,149",562
36553,19,25,26,47,118,363,735,"1,234",582,390
555,38,47,99,262,539,"1,856","3,786","5,662","2,090",906
353545,2,2,7,30,78,349,804,"1,160",295,90
155695,21,62,146,325,789,"2,697","2,254","1,156",187,124
13823,10,54,104,280,731,"2,391","999,999","1,935",341,89
226518,9,15,23,74,179,659,"1,091",947,219,84
224037,34,49,105,274,670,"2,753","6,076","8,193","2,430","999,999"
148951,14,42,125,292,757,"2,301","2,465","1,369",208,92
39351,15,38,55,128,240,825,"1,417","2,103",670,215
255674,4,3,18,39,120,547,978,899,128,48
171,125,247,602,"1,520","3,140","6,996","7,453","6,337","3,175","5,442"
169416,4,12,14,17,54,173,263,361,164,105
282853,1,7,5,15,45,130,298,497,177,75
184151,15,19,49,74,161,430,574,747,395,268
712,37,26,48,121,235,714,"1,284","1,646",816,633
138431,4,7,19,42,83,243,394,594,240,121
229892,7,7,23,19,61,203,371,751,327,155
164153,79,66,124,258,599,"1,905","4,163","8,390","5,125","3,298"
195421,23,20,62,116,319,"1,027","2,044","3,972","1,659",733
180263,97,156,310,357,859,"2,126","3,305","6,239","4,487","3,656"
68425,30,41,96,292,712,"2,097","3,114","3,034",699,243
269210,7,12,33,88,244,"1,071","2,434","3,279",849,318
253344,70,29,39,90,176,564,"1,279","3,810","2,777","1,590"
379078,12,9,12,20,42,132,248,698,378,187
65244,43,156,449,"1,255","3,781","13,911","16,775","10,116","1,972",764
147020,61,90,197,438,"1,345","5,337","11,229","16,280","5,622","2,733"
280136,8,10,17,62,142,470,662,665,152,63
84419,12,16,39,79,147,387,691,"1,337",664,398
217449,9,24,69,175,487,"1,849","2,502","1,746",376,112
192458,14,8,45,81,227,714,"1,531","2,676",900,443
181279,38,88,158,247,582,"1,847","3,304","5,169","1,868",814
311988,13,14,26,18,48,131,177,652,647,512
163154,2,6,15,28,44,137,303,696,380,145
145588,2,4,10,26,95,304,504,538,102,28
268864,13,22,41,103,206,816,"1,978","4,637","1,798",712
227460,4,5,11,16,36,82,166,508,477,327
354,11,16,28,89,204,684,"1,192",980,257,104
91080,5,8,20,33,61,185,433,723,330,120
200077,15,19,53,114,395,"1,505","2,270","1,623",314,125
171233,11,35,84,207,423,"1,523","2,051","1,833",393,119
148575,26,34,84,152,391,"1,055","1,493","1,613",569,273
330038,0,1,1,14,51,265,606,710,113,45
336986,21,27,71,137,382,"1,201","2,284","3,775","1,101",573
57390,4,24,31,84,145,600,855,908,235,77
169124,13,35,78,249,600,"2,293","2,822","2,248",428,166
362944,4,16,11,24,58,178,295,777,392,213
268586,3,2,5,17,"999,999","999,999",576,611,146,82
133473,45,77,"999,999","999,999","2,218","999,999","16,415","11,579","2,298",882
177590,2,12,30,66,185,743,"1,367","1,565",355,94
26997,7,3,15,25,88,184,448,861,443,204
2251,8,9,10,16,58,132,220,299,161,263
113289,12,29,75,147,301,836,853,712,165,100
95064,9,10,14,55,129,563,"1,020","1,087",293,138
173064,15,12,28,55,107,269,486,982,548,313
1159,4,13,34,124,289,"1,072","1,574","1,103",198,57
314088,0,4,4,17,54,284,588,766,166,69
594,7,23,45,97,198,699,851,733,205,101
271896,20,32,56,135,319,"1,020","2,312","4,663","1,864",806
239942,26,8,24,59,90,265,471,"1,188",735,516
165401,7,5,14,33,49,200,501,"1,020",462,184
223931,4,4,8,14,34,114,231,438,252,135
30549,189,"999,999","999,999","1,608","999,999","999,999","999,999","999,999","999,999","999,999"
321608,11,5,7,17,37,98,200,709,778,586
281946,9,7,23,28,56,172,357,638,258,124
122298,7,22,66,208,563,"1,950","2,918","2,473",476,207
82168,11,23,59,160,289,"1,105","1,451","1,294",310,112
169426,18,35,106,225,605,"2,477","5,121","8,142","2,014",725
362452,1,2,6,9,39,213,478,793,212,67
215840,37,47,74,125,222,592,922,850,228,88
167270,4,4,16,41,96,345,617,714,161,64
195528,5,11,21,63,173,588,839,599,68,26
326933,1,1,2,4,8,24,105,308,163,122
167400,8,22,72,145,343,987,"1,480","1,863",623,393
11,74,173,384,"1,018","2,470","9,280","14,519","12,352","3,034","1,326"
45986,8,25,44,93,184,645,890,"1,129",336,110
12995,8,39,123,275,518,"1,426","1,626","1,342",413,235
231484,3,7,17,43,116,391,749,851,217,90
72991,3,2,15,41,155,661,969,837,135,35
159675,35,17,35,78,207,679,"1,585","4,255","2,332","1,208"
171662,9,13,27,42,74,239,443,608,216,"999,999"
154809,12,8,22,49,"999,999",448,"999,999","999,999","999,999","999,999"
242804,3,4,13,45,"999,999",386,767,"1,188",298,"999,999"
195314,3,11,26,95,249,"1,198","1,926","1,522",266,108
143175,2,9,10,46,117,449,739,671,135,51
240,15,29,56,119,225,739,"1,159","1,236","999,999","999,999"
103886,30,34,65,165,374,"1,045","1,435","999,999",571,379
624,18,41,121,325,766,"2,377","2,264","1,461",382,226
123499,2,6,19,32,78,319,486,565,135,51
283393,9,7,26,81,206,758,"1,562","2,344",527,160
192153,24,24,48,126,359,"1,436","2,906","3,603",975,397
276182,9,2,9,24,33,141,296,820,628,388
267127,2,3,6,20,60,268,481,636,141,49
266967,1,0,1,8,15,79,176,365,139,95
269603,3,5,14,33,131,625,"1,016",650,102,59
283619,1,2,6,9,35,224,487,573,122,46
915,23,78,175,345,771,"2,367","2,370","1,554",285,98
191894,5,14,40,100,280,"1,049","1,250",861,231,98
123570,17,26,58,112,237,830,"1,036",888,270,144
112138,10,35,85,169,343,937,971,774,219,146
228341,16,12,36,90,212,789,"1,779","3,834","1,301",351
156546,20,27,39,66,159,572,"1,141","1,900","1,026",641
166669,9,12,22,58,211,834,"2,159","2,898",704,235
699,24,54,147,401,964,"2,811","3,219","3,003","1,235","1,310"
157526,8,27,91,188,394,"1,303","1,812","1,468",202,68
180680,3,7,25,54,167,535,987,"1,234",260,75
175199,18,32,55,161,273,834,"1,044","1,181",381,181
175155,27,28,62,99,251,779,"1,368","3,092","1,937","1,300"
273703,10,10,11,19,42,103,204,450,230,111
216600,8,5,19,54,186,792,"1,544","2,456",562,232
34887,13,38,77,206,340,"1,009","1,305","1,058",208,69
243430,1,4,17,28,93,326,526,450,113,43
21763,32,50,145,402,"1,064","3,830","5,826","4,987",980,324
30618,27,13,20,30,69,239,351,505,223,205
264647,5,7,23,52,122,459,772,681,150,64
66356,18,36,76,184,377,"1,238","1,870","1,923",547,267
24773,4,5,23,73,187,543,822,695,119,40
367498,7,2,4,7,14,47,133,393,321,245
17329,3,16,54,185,632,"2,463","2,821","1,632",333,161
57660,8,6,11,18,61,211,342,412,148,92
306735,11,15,26,61,199,934,"2,276","4,357","1,427",538
1544,5,16,40,118,283,876,848,701,215,114
215341,10,18,31,54,131,409,798,"1,631",799,399
223953,12,10,25,71,172,631,"1,096","1,356",351,127
176920,13,27,55,135,380,"1,392","3,034","4,602","1,027",340
66056,25,29,80,203,508,"1,669","2,181","1,908",494,231
228660,9,20,60,106,215,730,"1,115","1,119",300,178
313010,2,4,7,8,17,56,122,325,214,217
115746,103,66,84,153,305,916,"1,888","5,039","4,969","6,189"
38453,60,131,200,425,731,"2,226","3,551","5,143","2,151","1,249"
171011,9,12,25,80,230,768,948,714,130,38
100423,60,139,340,771,"1,606","5,082","7,636","6,738","1,735",714
54137,7,27,57,168,481,"1,547","1,541",899,163,78
48726,32,53,"999,999","999,999",644,"2,115","3,935","999,999","999,999",619
264220,"999,999","999,999","999,999",167,"999,999",829,"1,276","999,999","2,827","2,642"
326934,1,1,2,3,9,27,79,288,"999,999",121
208024,2,8,12,35,57,"999,999",407,"999,999","999,999","999,999"
290484,1,6,8,20,45,139,231,583,399,251
138233,5,7,10,42,87,332,526,521,167,61
181345,4,10,38,126,346,"1,378","1,205",657,113,41
328871,84,35,118,185,439,"1,368","2,826","6,333","2,516","1,082"
939,8,6,23,43,81,251,482,819,324,181
205637,127,153,314,558,"1,074","3,075","5,515","12,128","9,514","8,347"
198928,38,15,27,54,156,738,"1,919","4,624","1,855",834
318182,9,9,19,40,96,244,530,"1,171",664,294
31563,10,14,41,100,188,594,"1,035","1,418",507,261
256788,7,4,20,54,137,546,"1,015","1,353",324,169
70323,109,251,606,"1,540","3,638","12,625","20,664","21,068","5,494","2,306"
218603,40,87,209,551,"1,277","4,678","7,391","6,672","1,250",457
127023,33,53,141,255,523,"2,006","4,024","7,403","2,985","1,337"
164949,5,4,15,44,65,207,431,944,321,108
380607,0,0,2,5,5,14,39,185,254,200
41066,9,12,25,32,29,132,244,527,388,314
139771,16,12,25,49,77,287,421,490,300,236
237,6,5,14,49,132,433,672,524,156,91
288513,6,5,23,59,144,507,822,643,141,70
157413,5,4,11,38,129,363,628,627,110,44
162007,8,21,54,178,326,"1,205","1,878","2,248",539,203
221318,7,7,34,83,207,606,"1,091","1,187",219,56
226320,19,11,45,94,233,867,"1,678","1,821",493,211
296345,0,3,5,7,18,52,130,336,293,206
39684,3,11,23,75,165,516,796,882,174,41
156858,12,20,56,78,181,712,"1,495","2,501",781,276
18745,3,6,14,37,133,534,769,684,160,48
93,52,67,129,332,763,"2,685","5,764","10,374","4,464","2,315"
199,9,18,52,154,468,"1,538","1,972","1,154",202,69
257769,2,2,6,33,129,504,966,811,121,68
263918,22,34,74,192,544,"2,649","6,777","11,478","3,333","1,282"
140603,11,10,37,53,210,727,"1,357","999,999",507,185
232414,13,12,56,94,239,753,"1,394","2,380",773,313
297562,13,4,23,38,80,245,602,"1,613",873,449
10630,60,90,222,486,"1,059","3,663","6,971","10,848","3,931","2,103"
297129,5,8,30,46,118,422,895,"1,123",256,81
160902,6,5,9,42,80,260,412,475,141,68
266524,23,27,84,186,577,"2,289","5,010","9,533","3,149","1,439"
277927,2,0,3,20,72,288,520,487,85,28
285984,3,12,21,44,86,380,755,"1,307",362,143
164338,0,4,13,34,102,385,690,886,177,63
294612,10,4,9,9,35,152,463,926,324,110
331050,3,3,8,15,42,166,428,541,165,127
24742,11,26,79,172,350,"1,191","1,252",833,155,69
163745,21,14,30,85,166,549,"1,028","1,740","1,061",674
134253,21,50,86,163,418,"1,383","1,715","1,400",279,137
251551,0,1,3,5,21,91,205,463,165,82
159109,13,25,55,99,282,812,"1,093","1,058",233,84
341169,37,16,34,61,131,318,944,"3,408","2,882","1,805"
188866,13,19,46,107,228,817,"1,701","3,094","1,006",462
103343,110,176,390,761,"1,319","4,295","7,031","11,123","5,224","3,006"
61487,7,5,8,15,18,59,144,291,251,178
232043,17,20,47,143,433,"1,811","3,579","3,546",660,228
194879,12,47,116,246,641,"2,267","3,327","2,852",648,226
245487,3,6,8,24,96,492,999,"1,129",279,120
252399,7,3,15,22,52,158,280,472,174,79
253284,8,8,44,126,413,"1,512","2,385","1,633",269,129
279613,8,9,8,10,36,154,505,"1,093",395,125
206803,0,3,1,27,74,323,591,784,160,46
202977,4,4,15,39,128,476,668,575,128,56
592,8,17,32,101,246,620,676,454,181,112
13,"999,999",616,"1,584","999,999","999,999","999,999","999,999","999,999","999,999","999,999"
101785,8,20,40,115,275,893,"1,132",883,181,71
96848,150,169,335,507,939,"2,697","4,257","9,158","7,207","6,988"
131357,98,277,574,"1,390","2,929","9,433","13,315","11,587","3,331","1,608"
432,51,89,227,600,"1,672","6,663","9,489","6,743","1,645",745
331787,21,20,34,68,102,381,672,"1,246",491,258
140933,4,17,48,165,431,"1,854","2,419","1,591",177,64
235375,4,13,25,72,216,757,905,611,128,78
2655,54,81,209,619,"1,703","5,926","10,160","11,513","3,629","1,870"
239464,10,14,47,92,290,"1,176","1,835","1,581",417,180
69789,23,58,151,397,847,"2,686","3,981","3,583","1,007",506
181819,10,9,16,25,81,208,246,502,218,195
171623,42,40,123,244,583,"2,098","4,659","10,402","4,153","1,856"
155426,41,45,129,282,789,"3,154","6,344","9,896","3,128","1,181"
154203,44,71,181,429,"1,023","3,595","6,543","8,688","2,466",915
35815,13,42,74,152,359,928,"1,251","1,246",372,206
330608,0,2,7,20,69,263,464,661,128,33
244916,5,15,27,53,187,686,866,660,146,60
157096,1,17,28,69,185,542,739,651,130,38
254192,5,11,32,57,116,401,644,646,217,113
198830,11,12,31,60,130,388,556,"1,009",504,298
329845,2,7,14,38,114,436,771,975,233,101
143185,15,28,80,147,280,898,"1,013",734,226,105
220792,2,4,15,42,83,283,480,563,143,44
19600,8,20,52,139,269,837,"1,414","1,464",352,125
32125,15,19,59,173,451,"1,532","1,701",876,104,35
248158,3,9,32,62,148,469,704,722,151,126
276042,1,3,10,40,99,475,909,"1,035",188,93
65564,2,6,5,6,20,81,172,330,187,98
262215,7,16,42,77,198,731,"1,382","2,372",640,193
281442,16,17,32,73,112,381,617,"1,273",528,282
196202,4,10,7,14,63,178,302,581,247,99
194690,4,13,25,76,210,623,"1,020",912,133,53
343562,0,3,9,11,57,261,517,906,227,89
27627,164,366,588,934,"1,529","3,556","3,406","2,699","1,021",818
68448,130,170,"999,999","1,081","2,636","10,241","999,999","999,999","15,325","7,706"
161970,58,104,173,349,709,"2,453","4,444","8,425","3,516","1,836"
8217,31,39,106,323,976,"3,927","7,706","8,000","1,879",553
271088,0,5,9,55,186,648,990,840,166,49
71,28,42,76,193,378,"1,009","1,701","2,114","1,106",813
73171,19,21,44,64,157,434,588,"1,027",581,421
35052,11,36,51,84,157,404,621,834,405,353
103885,77,89,147,327,901,"3,020","5,546","8,447","3,874","2,357"
211716,7,13,31,43,52,166,221,407,218,89
12,53,80,143,329,771,"2,580","5,621","9,007","3,311","1,454"
32412,2,4,25,63,178,663,780,521,102,31
1829,25,64,129,325,672,"1,951","1,886","1,429",417,238
11825,9,10,17,18,46,100,236,532,500,428
90137,19,46,78,190,427,"1,571","2,987","4,242","1,164",524
207336,4,6,31,104,272,"1,209","1,808","1,325",180,65
394,13,51,130,367,819,"2,907","3,079","1,753",339,104
31260,313,352,605,"1,152","2,105","6,505","11,994","23,249","14,359","10,489"
271518,7,11,22,32,113,504,"1,201","1,493",454,"999,999"
293889,2,3,10,41,115,477,964,"1,095",170,90
4390,14,29,77,229,686,"2,502","4,004","3,870",938,363
307305,5,5,13,38,87,270,608,"1,109",430,190
180592,2,1,8,38,93,348,571,588,93,28
128271,13,20,45,106,257,910,"1,789","3,013",948,348
285967,60,36,87,126,250,632,"1,195","2,998","1,594",955
119432,13,17,38,96,216,685,"1,298","1,899",509,169
22345,16,19,51,153,410,"1,545","2,782","2,523",436,146
345868,2,0,2,8,14,59,152,438,244,112
146886,20,17,64,121,314,"1,144","2,412","4,645","1,431",569
47,21,36,79,169,451,"1,577","2,741","3,896","1,282",582
102794,115,80,171,323,685,"2,454","5,662","13,174","7,157","3,770"
181530,19,22,59,105,232,778,"1,443","2,185",785,362
316858,6,6,19,21,100,324,616,810,191,53
230305,22,21,36,54,135,360,505,555,200,55
38862,5,8,20,57,159,563,790,747,132,37
223750,6,12,30,70,151,569,984,"1,154",253,94
28720,93,65,111,208,423,"1,329","3,068","8,691","6,065","3,936"
44163,13,34,90,178,458,"1,356","1,880","1,589",317,93
340677,1,3,8,35,79,290,579,881,170,55
240567,4,5,18,43,111,367,629,687,124,45
128442,19,50,61,126,247,779,934,796,181,105
681,10,27,74,217,618,"1,906","2,299","1,618",480,262
215842,21,40,75,112,236,696,"1,132",977,230,76
15818,17,69,137,390,973,"3,469","3,420","1,806",331,156
120523,13,27,47,76,136,454,580,751,219,95
174973,7,13,52,149,305,"1,087","1,139",711,171,100
213266,1,4,13,44,127,721,"1,217","1,027",152,65
244608,4,6,15,31,97,423,"1,024","1,402",308,134
271529,1,0,5,23,49,180,441,874,260,105
180899,6,15,42,67,135,516,766,973,259,78
148943,7,17,27,101,210,535,787,751,213,103
106662,14,14,37,127,272,855,"1,132",958,110,41
248065,20,13,4,23,52,219,457,958,398,283
123607,13,15,24,54,108,369,389,526,194,145
220877,15,12,43,104,280,"1,161","2,778","6,319","1,879",706
181524,5,15,33,77,177,555,824,807,204,91
181687,5,21,48,101,257,911,"1,596","1,773",385,180
347703,2,0,5,10,41,257,556,"1,236",292,75
309630,8,7,25,38,117,443,911,"1,106",253,159
26990,19,42,89,159,274,766,"1,148","1,444",539,235
163413,0,5,13,28,105,381,726,761,148,43